O,K,R,A,H,T
R,V,U,G,Z,H
E,E,F,Q,N,I
O,C,X,M,P,G
M,Y,Q,S,J,R
C,T,C,P,A,S
U,R,A,R,Z,A
F,C,U,T,Y,N
E,D,I,Y,V,U
D,Q,S,A,F,T
V,P,F,W,G,L
T,T,C,E,A,V
M,K,B,F,X,Z
G,U,T,S,M,S
J,P,Y,K,O,X
E,F,C,L,W,H
L,H,X,Q,P,Z
E,O,X,Z,G,J
H,C,L,P,L,T
G,U,E,D,M,F
V,M,T,N,Z,V
Y,C,L,B,S,P
H,S,P,B,W,I
D,G,A,R,J,B
N,P,H,X,Q,P
V,E,T,X,E,C
W,A,A,G,I,T
G,C,G,P,Z,W
K,K,Z,E,E,E
S,L,T,C,T,T
H,M,L,J,F,B
M,M,V,A,P,E
B,N,R,G,S,N
C,W,O,Y,M,S
Y,G,M,H,T,R
L,J,C,X,M,A
M,J,G,G,G,E
I,G,Z,C,L,Z
E,Q,S,J,V,F
X,G,Z,Z,W,T
L,H,R,D,L,A
R,M,Y,C,L,P
W,F,M,G,I,L
F,M,V,Q,T,L
F,W,L,K,S,L
W,L,W,S,I,P
X,E,O,C,S,P
B,T,M,M,M,L
K,M,N,S,X,E
F,H,M,K,W,S
S,E,X,G,V,T
Z,V,Q,Y,Y,L
E,G,I,J,A,R
A,I,Y,K,Z,G
F,T,D,Y,S,O
K,Q,A,T,Z,W
Z,C,P,X,C,L
P,W,F,M,G,I
L,S,J,I,J,H
R,J,A,A,V,F
V,A,W,K,S,E
S,L,A,Y,H,L
J,S,L,C,Z,R
U,G,G,O,E,O
E,H,N,Y,G,T
Z,V,W,R,Y,R
T,S,I,L,T,C
T,C,S,I,J,A
M,Y,T,S,I,U
C,J,X,D,Z,R
A,K,G,G,F,F
P,D,J,C,F,A
O,I,S,I,P,X
A,E,J,S,P,D
T,R,P,S,X,R
S,L,H,T,R,Y
J,G,L,F,Z,V
U,G,Q,B,N,E
S,F,Q,P,M,H
P,V,F,E,Y,E
E,O,S,F,K,Y
M,O,E,L,W,T
C,F,O,E,I,X
Q,P,M,O,Q,M
F,E,F,M,U,E
L,A,N,Q,T,L
F,W,L,K,S,L
I,Y,W,W,E,P
X,T,S,E,V,E
M,G,C,P,M,N
G,B,T,S,W,C
S,P,B,T,U,O
E,U,K,M,N,S
A,P,S,P,A,T
T,Z,A,S,U,G
G,S,E,V,M,E
R,X,D,E,S,H
T,M,V,E,P,H
O,K,R,A,A,Y
I,P,R,C,W,I
E,M,G,P,Y,K
Y,Q,S,J,E,C
Y,R,Z,Q,W,D
M,K,A,N,Y,E
V,M,M,H,P,J
J,Q,L,M,I,P
V,X,Q,P,M,A
E,M,F,E,F,M
U,E,L,A,N,U
A,E,C,I,Z,G
U,H,U,W,H,J
G,J,B,E,G,I
L,J,C,B,I,W
I,Y,K,M,G,A
O,M,M,V,P,B
X,A,M,S,H,G
W,E,W,M,K,Y
F,H,W,P,V,W
T,C,J,U,T,V
W,F,G,G,D,L
G,A,C,F,X,Q
F,M,U,M,J,R
E,D,X,S,D,J
B,S,S,I,V,V
F,X,L,P,K,A
Q,L,B,N,L,W
L,C,R,X,O,Q
F,S,V,R,E,E
C,I,S,F,G,G
E,D,W,S,P,B
P,A,D,N,G,K
L,X,D,E,L,W
T,C,U,Y,D,E
D,W,Q,M,I,F
W,O,J,M,M,O
Z,O,U,Q,K,F
A,Y,H,G,H,R
A,E,T,B,D,G
E,B,O,Y,L,M
O,G,E,I,L,X
A,P,E,M,H,P
J,S,K,R,A,F
F,P,U,C,R,H
I,Y,J,J,Q,L
M,O,Q,L,A,U
M,P,N,X,I,F
U,Y,E,U,D,X
A,W,Q,P,A,D
R,G,U,R,K,A
E,I,Y,K,Q,M
B,F,X,A,P,R
T,C,E,M,U,U
Y,G,D,N,Y,F
P,G,G,G,S,I
C,P,C,P,N,Z
T,S,T,Y,E,L
P,P,X,T,M,F
T,S,I,D,G,E
B,O,Y,W,W,Z
R,X,N,D,M,N
G,Q,V,O,F,X
A,P,E,G,E,E
A,G,T,I,A,E
S,E,V,N,C,T
R,Y,I,V,V,F
T,T,N,E,D,I
Y,V,U,D,L,S
F,C,L,T,L,F
D,K,Q,A,E,O
L,A,U,F,X,A
O,U,M,C,P,M
E,C,W,A,P,R
A,E,X,S,M,P
R,T,I,Y,W,O
G,Q,M,O,Q,W
L,T,Y,V,A,E
L,J,Q,R,A,E
X,E,J,E,F,B
N,R,G,S,O,N
E,E,L,Z,A,P
E,V,A,E,S,A
P,A,A,A,C,K
W,Q,D,T,S,X
E,D,N,F,H,L
O,M,F,I,D,H
R,N,I,G,H,R
P,O,N,S,Z,Q
P,M,S,L,X,A
P,A,A,T,F,X
Z,K,J,L,A,W
Y,K,V,G,N,S
Z,W,L,G,L,M
A,E,M,G,W,Q
E,Y,W,I,V,V
F,X,R,P,W,L
Q,D,M,H,P,M
P,N,C,Z,I,Z
R,L,Q,Q,M,R
L,G,S,V,F,K
O,S,I,K,G,R
N,P,N,E,E,R
Y,G,D,W,E,A
F,U,T,S,E,I
L,Q,R,A,E,G
M,D,N,Y,Z,E
D,E,J,Q,S,G
D,S,M,E,K,L
T,N,L,G,L,Q
D,Z,R,Z,W,K
R,P,H,V,Z,G
S,V,G,H,N,L
R,V,E,P,N,E
W,X,Q,J,C,X
M,F,P,S,V,C
W,H,T,W,Z,G
P,H,C,C,E,K
U,S,L,K,Y,S
O,K,L,Z,T,S
E,L,V,F,X,M
L,R,Q,E,Y,E
E,O,S,F,K,G
P,H,Z,W,M,H
D,X,R,P,H,S
I,P,N,E,D,S
E,G,C,G,D,Z
R,Z,K,Q,V,A
W,I,V,Q,L,B
A,Y,A,S,A,U
X,R,P,R,G,V
G,G,V,Z,P,N
G,B,P,I,E,L
U,C,J,Z,A,N
Y,K,C,L,W,H
T,W,J,G,T,H
L,E,X,Z,G,W
P,E,C,I,B,W
Q,M,F,Z,H,V
G,P,B,N,S,M
K,C,R,M,E,X
T,L,V,M,I,R
Z,Z,G,M,C,T
C,Z,R,X,T,M
G,T,L,X,A,Q
L,T,S,S,I,C
P,C,P,T,S,I
Q,O,S,L,T,E
L,W,E,Y,E,E
O,S,F,K,Y,G
A,C,Q,A,G,Q
F,U,D,X,W,T
C,W,F,Z,V,S
H,G,G,A,W,W
Z,Q,U,W,O,H
R,O,K,R,A,T
S,I,D,G,E,B
O,Y,E,F,F,K
T,R,N,L,W,F
M,G,S,E,V,S
E,Y,M,H,C,S
K,C,J,N,S,E
M,M,U,Q,X,T
S,M,K,H,M,K
C,P,W,O,K,R
A,P,T,G,C,G
R,Y,E,Y,G,W
U,Y,G,D,E,V
S,R,Q,U,U,E
E,Y,C,G,G,S
E,X,Z,G,Q,V
A,W,I,G,H,R
A,E,N,E,D,G
B,H,N,T,E,F
H,M,K,C,P,X
Z,G,P,X,W,L
W,D,K,R,M,L
P,L,G,R,C,H
F,D,Y,U,E,C
L,S,Y,S,F,G
R,A,E,W,I,K
U,U,B,T,S,X
Z,G,G,K,P,C
M,V,G,Y,M,S
E,E,C,G,Y,G
D,L,G,U,G,N
M,I,Y,K,L,J
C,B,R,Q,E,L
G,R,A,E,W,I
Y,K,M,G,N,L
M,J,G,Q,H,F
E,L,W,K,V,M
H,H,E,L,E,F
X,D,L,R,V,Y
Y,B,T,P,H,L
Q,H,H,I,Y,F
S,V,R,E,E,F
R,V,G,P,V,O
G,I,J,Q,D,W
A,C,O,F,G,Q
L,A,Y,H,T,G
D,H,R,P,E,F
A,Q,D,I,C,Q
A,U,F,V,O,F
P,V,D,C,V,O
Y,H,M,E,R,X
D,D,E,D,W,Q
M,I,F,W,K,G
A,K,E,E,P,Q
U,C,M,O,F,X
O,K,R,A,A,D
Q,S,N,J,Y,O
C,G,W,Q,D,A
A,Y,H,H,K,A
D,E,O,W,G,N
B,B,E,C,W,O
J,M,A,A,O,X
J,C,T,X,L,W
I,V,Y,G,M,H
S,M,E,H,P,H
M,C,S,E,G,U
B,T,S,E,V,G
T,B,O,F,W,H
N,Y,G,T,Z,W
L,G,Y,E,T,S
I,U,Q,B,X,X
Q,V,G,O,P,B
G,S,X,M,P,B
X,R,N,E,D,I
Y,V,U,D,R,G
U,C,L,A,W,Y
K,V,G,N,S,H
E,K,C,T,X,R
J,Y,F,R,J,X
A,D,E,F,V,K
T,N,M,Y,L,J
C,P,A,D,A,A
F,C,E,Y,C,I
S,F,Y,G,D,V
R,W,Y,M,Y,T
S,I,Z,G,Z,K
E,H,X,S,N,C
H,F,R,M,V,G
M,G,H,P,W,W
V,F,B,S,R,Y
S,T,B,T,T,V
I,Q,R,M,B,N
E,W,S,T,M,N
N,O,X,Z,G,N
X,R,T,Q,W,V
C,K,O,Q,X,Z
G,A,T,L,P,H
G,P,G,T,N,N
E,E,R,Y,G,D
T,R,L,J,C,W
E,A,X,Z,U,M
Y,N,T,K,Z,V
U,A,E,Y,E,D
N,K,X,N,L,V
W,C,R,M,H,P
M,J,N,M,P,E
D,X,W,D,Z,M
H,P,C,J,Q,Q
X,A,D,S,F,G
Z,K,E,L,O,A
P,E,V,O,G,I
J,C,L,W,M,L
O,A,P,E,G,O
T,W,W,N,G,D
E,L,Q,M,E,F
E,A,C,K,W,T
Y,K,M,J,M,F
V,F,X,C,Z,R
X,W,Q,B,O,Y
W,S,N,S,L,T
T,Y,K,U,J,B
E,F,X,W,P,Y
G,T,D,X,G,N
C,B,N,E,S,L
J,C,V,A,X,T
S,P,B,F,A,O
I,S,Y,Y,R,W
T,X,Z,V,F,X
C,Z,H,W,Z,P
X,T,F,V,F,K
L,Z,I,E,X,G
U,Y,E,U,D,X
A,W,Q,P,H,Z
V,W,O,Y,B,N
P,H,L,J,P,H
U,R,L,G,W,R
T,T,L,W,S,H
C,W,I,D,X,S
P,A,X,P,P,V
Z,C,N,L,S,L
P,M,U,R,B,U
D,G,S,T,C,W
N,Z,X,Z,K,L
Z,F,Z,V,L,J
C,Y,A,E,I,G
H,R,A,E,T,B
L,J,J,X,G,T
S,F,R,C,K,H
L,T,K,K,R,L
D,P,W,L,T,S
V,T,T,S,F,Y
Y,L,P,L,V,L
Q,D,W,O,X,M
L,K,Y,G,S,A
P,S,P,L,X,D
C,I,N,G,L,Z
E,Z,V,H,G,P
A,A,A,W,A,V
U,T,S,U,Y,K
V,Y,W,I,G,I
J,U,G,H,N,L
V,Q,V,Y,V,T
T,G,L,Q,F,T
V,P,X,Z,G,K
V,A,X,T,W,F
Y,M,S,E,V,S
E,Y,M,H,C,S
T,W,R,M,H,P
S,M,V,A,H,M
P,A,S,U,R,A
E,D,E,E,G,P
H,U,D,I,V,D
W,M,H,P,W,M
T,N,K,I,D,I
A,P,T,T,S,T
S,F,Q,D,M,H
P,M,J,E,Y,F
P,E,L,W,E,Y
E,E,O,S,F,K
Y,G,W,L,V,J
K,M,K,S,W,E
M,P,A,A,E,O
E,E,C,Q,L,I
G,I,S,U,Q,T
U,W,X,G,P,Q
M,R,L,G,S,V
F,K,O,H,L,S
V,C,O,E,C,L
A,U,K,H,T,T
Z,S,V,G,H,N
T,R,S,P,Y,V
T,Z,J,L,J,C
Z,R,P,E,L,G
Q,M,T,C,I,S
E,F,X,R,J,W
S,N,S,L,T,T
Y,K,C,Z,T,N
O,S,F,G,B,M
H,P,M,P,V,F
E,E,R,M,G,P
R,H,O,M,P,A
X,G,H,N,L,R
V,U,C,M,O,F
X,K,Q,S,M,H
Q,S,J,V,F,X
F,Z,V,L,K,D
B,E,O,T,G,T
R,T,T,N,E,J
T,G,W,E,Y,A
Z,G,P,X,H,P
M,F,V,C,G,D
P,H,L,Q,C,L
C,L,T,W,D,W
L,E,L,J,J,Q
K,U,R,T,X,S
P,L,B,A,H,M
L,J,R,A,E,N
S,V,G,V,A,E
D,I,F,V,Y,W
E,D,T,S,V,A
A,T,Z,G,S,V
M,H,R,O,I,J
K,L,Z,H,T,Q
L,Q,P,X,T,C
I,S,V,U,B,T
S,E,D,N,Y,U
L,P,Q,W,P,R
H,C,L,V,J,K
B,X,N,C,E,R
G,G,G,C,S,X
M,V,F,B,L,E
S,L,J,C,Z,R
Z,Y,F,F,Y,G
D,W,I,S,X,C
G,O,Y,I,G,H
R,A,E,H,I,S
M,M,K,W,Z,Y
F,F,C,W,A,W
M,N,G,G,G,O
C,H,W,T,R,H
P,C,S,N,K,B
X,N,Z,X,Z,K
L,Z,O,Q,Z,S
N,S,X,T,Z,X
Z,G,C,G,E,X
C,K,C,J,N,S
E,M,M,U,Y,G
D,S,M,K,I,S
T,R,O,Q,M,U
R,A,A,G,I,L
J,M,N,G,S,X
L,J,C,R,W,Z
Y,D,F,Z,X,S
L,J,W,D,S,M
O,Y,G,W,O,M
K,E,L,T,J,Q
S,W,S,Z,R,G
H,P,H,M,P,L
S,F,E,K,O,D
W,D,A,S,G,D
P,V,W,U,R,B
M,L,X,W,F,A
T,L,R,E,U,W
Q,K,E,L,P,A
U,G,G,G,B,Y
A,E,I,E,Y,E
L,S,V,R,A,E
N,S,V,G,V,P
A,D,P,G,U,R
A,E,D,I,L,Q
S,M,T,Z,V,W
E,M,O,E,C,M
L,O,Y,K,C,S
M,F,I,F,B,S
X,I,F,F,M,N
B,W,I,L,K,K
X,I,Y,T,M,T
Q,N,I,E,S,X
V,F,X,F,W,I
W,K,L,Z,S,L
P,M,U,R,B,U
D,E,F,F,Q,H
A,E,G,S,T,P
B,D,P,R,K,C
J,N,S,E,M,M
U,P,X,G,C,S
M,R,C,W,W,T
X,Z,J,G,L,T
C,Y,K,V,W,Z
U,L,V,V,C,L
W,T,S,I,J,G
K,T,I,Y,M,F
I,A,H,H,Z,V
L,U,D,K,O,X
M,F,E,F,M,U
E,L,A,N,J,X
D,M,C,L,J,C
L,T,P,E,V,H
Y,L,T,X,E,J
E,S,L,F,T,H
W,N,G,N,S,N
E,L,Q,G,M,W
L,W,F,Q,R,E
O,Y,K,T,G,D
H,R,P,X,Z,G
N,N,R,D,Y,A
P,E,V,A,W,I
V,Q,L,B,A,Y
J,G,T,A,X,A
C,V,A,X,C,W
B,P,J,G,T,C
M,H,P,K,S,V
C,L,O,Q,G,S
T,P,B,D,P,R
S,P,B,E,A,T
H,K,K,C,Z,E
H,M,L,J,R,A
E,T,V,T,C,A
D,S,E,S,O,C
R,X,R,E,L,W
T,M,F,A,Y,J
G,T,A,X,W,L
W,L,T,Y,I,P
P,H,L,J,C,B
R,D,E,X,G,R
R,L,L,C,A,P
Y,K,E,Q,Y,Y
G,D,T,R,Z,Z
W,T,R,A,E,D
I,S,C,L,W,I
E,M,K,H,G,M
T,T,R,Y,V,F
T,T,E,L,W,G
L,W,I,Y,K,G
H,K,R,S,E,S
J,A,U,B,L,W
P,A,G,Z,N,R
T,I,V,U,Y,Y
E,W,C,A,P,R
A,E,T,V,J,G
D,N,G,P,E,L
P,M,O,I,Z,Q
S,I,S,L,B,L
X,S,X,M,K,U
X,,,,,
