0,1,2,3,4,5,6,7,8,9,10,11,12,13,14,15,16,17,18,19,20,21,22,23,24,25
A,B,C,D,E,F,G,H,I,J,K,L,M,N,O,P,Q,R,S,T,U,V,W,X,Y,Z
B,C,D,E,F,G,H,I,J,K,L,M,N,O,P,Q,R,S,T,U,V,W,X,Y,Z,A
C,D,E,F,G,H,I,J,K,L,M,N,O,P,Q,R,S,T,U,V,W,X,Y,Z,A,B
D,E,F,G,H,I,J,K,L,M,N,O,P,Q,R,S,T,U,V,W,X,Y,Z,A,B,C
E,F,G,H,I,J,K,L,M,N,O,P,Q,R,S,T,U,V,W,X,Y,Z,A,B,C,D
F,G,H,I,J,K,L,M,N,O,P,Q,R,S,T,U,V,W,X,Y,Z,A,B,C,D,E
G,H,I,J,K,L,M,N,O,P,Q,R,S,T,U,V,W,X,Y,Z,A,B,C,D,E,F
H,I,J,K,L,M,N,O,P,Q,R,S,T,U,V,W,X,Y,Z,A,B,C,D,E,F,G
I,J,K,L,M,N,O,P,Q,R,S,T,U,V,W,X,Y,Z,A,B,C,D,E,F,G,H
J,K,L,M,N,O,P,Q,R,S,T,U,V,W,X,Y,Z,A,B,C,D,E,F,G,H,I
K,L,M,N,O,P,Q,R,S,T,U,V,W,X,Y,Z,A,B,C,D,E,F,G,H,I,J
L,M,N,O,P,Q,R,S,T,U,V,W,X,Y,Z,A,B,C,D,E,F,G,H,I,J,K
M,N,O,P,Q,R,S,T,U,V,W,X,Y,Z,A,B,C,D,E,F,G,H,I,J,K,L
N,O,P,Q,R,S,T,U,V,W,X,Y,Z,A,B,C,D,E,F,G,H,I,J,K,L,M
O,P,Q,R,S,T,U,V,W,X,Y,Z,A,B,C,D,E,F,G,H,I,J,K,L,M,N
P,Q,R,S,T,U,V,W,X,Y,Z,A,B,C,D,E,F,G,H,I,J,K,L,M,N,O
Q,R,S,T,U,V,W,X,Y,Z,A,B,C,D,E,F,G,H,I,J,K,L,M,N,O,P
R,S,T,U,V,W,X,Y,Z,A,B,C,D,E,F,G,H,I,J,K,L,M,N,O,P,Q
S,T,U,V,W,X,Y,Z,A,B,C,D,E,F,G,H,I,J,K,L,M,N,O,P,Q,R
T,U,V,W,X,Y,Z,A,B,C,D,E,F,G,H,I,J,K,L,M,N,O,P,Q,R,S
U,V,W,X,Y,Z,A,B,C,D,E,F,G,H,I,J,K,L,M,N,O,P,Q,R,S,T
V,W,X,Y,Z,A,B,C,D,E,F,G,H,I,J,K,L,M,N,O,P,Q,R,S,T,U
W,X,Y,Z,A,B,C,D,E,F,G,H,I,J,K,L,M,N,O,P,Q,R,S,T,U,V
X,Y,Z,A,B,C,D,E,F,G,H,I,J,K,L,M,N,O,P,Q,R,S,T,U,V,W
Y,Z,A,B,C,D,E,F,G,H,I,J,K,L,M,N,O,P,Q,R,S,T,U,V,W,X
Z,A,B,C,D,E,F,G,H,I,J,K,L,M,N,O,P,Q,R,S,T,U,V,W,X,Y
A,D,G,J,M,P,S,V,Y,B,E,H,K,N,Q,T,W,Z,C,F,I,L,O,R,U,X
B,E,H,K,N,Q,T,W,Z,C,F,I,L,O,R,U,X,A,D,G,J,M,P,S,V,Y
C,F,I,L,O,R,U,X,A,D,G,J,M,P,S,V,Y,B,E,H,K,N,Q,T,W,Z
D,G,J,M,P,S,V,Y,B,E,H,K,N,Q,T,W,Z,C,F,I,L,O,R,U,X,A
E,H,K,N,Q,T,W,Z,C,F,I,L,O,R,U,X,A,D,G,J,M,P,S,V,Y,B
F,I,L,O,R,U,X,A,D,G,J,M,P,S,V,Y,B,E,H,K,N,Q,T,W,Z,C
G,J,M,P,S,V,Y,B,E,H,K,N,Q,T,W,Z,C,F,I,L,O,R,U,X,A,D
H,K,N,Q,T,W,Z,C,F,I,L,O,R,U,X,A,D,G,J,M,P,S,V,Y,B,E
I,L,O,R,U,X,A,D,G,J,M,P,S,V,Y,B,E,H,K,N,Q,T,W,Z,C,F
J,M,P,S,V,Y,B,E,H,K,N,Q,T,W,Z,C,F,I,L,O,R,U,X,A,D,G
K,N,Q,T,W,Z,C,F,I,L,O,R,U,X,A,D,G,J,M,P,S,V,Y,B,E,H
L,O,R,U,X,A,D,G,J,M,P,S,V,Y,B,E,H,K,N,Q,T,W,Z,C,F,I
M,P,S,V,Y,B,E,H,K,N,Q,T,W,Z,C,F,I,L,O,R,U,X,A,D,G,J
N,Q,T,W,Z,C,F,I,L,O,R,U,X,A,D,G,J,M,P,S,V,Y,B,E,H,K
O,R,U,X,A,D,G,J,M,P,S,V,Y,B,E,H,K,N,Q,T,W,Z,C,F,I,L
P,S,V,Y,B,E,H,K,N,Q,T,W,Z,C,F,I,L,O,R,U,X,A,D,G,J,M
Q,T,W,Z,C,F,I,L,O,R,U,X,A,D,G,J,M,P,S,V,Y,B,E,H,K,N
R,U,X,A,D,G,J,M,P,S,V,Y,B,E,H,K,N,Q,T,W,Z,C,F,I,L,O
S,V,Y,B,E,H,K,N,Q,T,W,Z,C,F,I,L,O,R,U,X,A,D,G,J,M,P
T,W,Z,C,F,I,L,O,R,U,X,A,D,G,J,M,P,S,V,Y,B,E,H,K,N,Q
U,X,A,D,G,J,M,P,S,V,Y,B,E,H,K,N,Q,T,W,Z,C,F,I,L,O,R
V,Y,B,E,H,K,N,Q,T,W,Z,C,F,I,L,O,R,U,X,A,D,G,J,M,P,S
W,Z,C,F,I,L,O,R,U,X,A,D,G,J,M,P,S,V,Y,B,E,H,K,N,Q,T
X,A,D,G,J,M,P,S,V,Y,B,E,H,K,N,Q,T,W,Z,C,F,I,L,O,R,U
Y,B,E,H,K,N,Q,T,W,Z,C,F,I,L,O,R,U,X,A,D,G,J,M,P,S,V
Z,C,F,I,L,O,R,U,X,A,D,G,J,M,P,S,V,Y,B,E,H,K,N,Q,T,W
A,F,K,P,U,Z,E,J,O,T,Y,D,I,N,S,X,C,H,M,R,W,B,G,L,Q,V
B,G,L,Q,V,A,F,K,P,U,Z,E,J,O,T,Y,D,I,N,S,X,C,H,M,R,W
C,H,M,R,W,B,G,L,Q,V,A,F,K,P,U,Z,E,J,O,T,Y,D,I,N,S,X
D,I,N,S,X,C,H,M,R,W,B,G,L,Q,V,A,F,K,P,U,Z,E,J,O,T,Y
E,J,O,T,Y,D,I,N,S,X,C,H,M,R,W,B,G,L,Q,V,A,F,K,P,U,Z
F,K,P,U,Z,E,J,O,T,Y,D,I,N,S,X,C,H,M,R,W,B,G,L,Q,V,A
G,L,Q,V,A,F,K,P,U,Z,E,J,O,T,Y,D,I,N,S,X,C,H,M,R,W,B
H,M,R,W,B,G,L,Q,V,A,F,K,P,U,Z,E,J,O,T,Y,D,I,N,S,X,C
I,N,S,X,C,H,M,R,W,B,G,L,Q,V,A,F,K,P,U,Z,E,J,O,T,Y,D
J,O,T,Y,D,I,N,S,X,C,H,M,R,W,B,G,L,Q,V,A,F,K,P,U,Z,E
K,P,U,Z,E,J,O,T,Y,D,I,N,S,X,C,H,M,R,W,B,G,L,Q,V,A,F
L,Q,V,A,F,K,P,U,Z,E,J,O,T,Y,D,I,N,S,X,C,H,M,R,W,B,G
M,R,W,B,G,L,Q,V,A,F,K,P,U,Z,E,J,O,T,Y,D,I,N,S,X,C,H
N,S,X,C,H,M,R,W,B,G,L,Q,V,A,F,K,P,U,Z,E,J,O,T,Y,D,I
O,T,Y,D,I,N,S,X,C,H,M,R,W,B,G,L,Q,V,A,F,K,P,U,Z,E,J
P,U,Z,E,J,O,T,Y,D,I,N,S,X,C,H,M,R,W,B,G,L,Q,V,A,F,K
Q,V,A,F,K,P,U,Z,E,J,O,T,Y,D,I,N,S,X,C,H,M,R,W,B,G,L
R,W,B,G,L,Q,V,A,F,K,P,U,Z,E,J,O,T,Y,D,I,N,S,X,C,H,M
S,X,C,H,M,R,W,B,G,L,Q,V,A,F,K,P,U,Z,E,J,O,T,Y,D,I,N
T,Y,D,I,N,S,X,C,H,M,R,W,B,G,L,Q,V,A,F,K,P,U,Z,E,J,O
U,Z,E,J,O,T,Y,D,I,N,S,X,C,H,M,R,W,B,G,L,Q,V,A,F,K,P
V,A,F,K,P,U,Z,E,J,O,T,Y,D,I,N,S,X,C,H,M,R,W,B,G,L,Q
W,B,G,L,Q,V,A,F,K,P,U,Z,E,J,O,T,Y,D,I,N,S,X,C,H,M,R
X,C,H,M,R,W,B,G,L,Q,V,A,F,K,P,U,Z,E,J,O,T,Y,D,I,N,S
Y,D,I,N,S,X,C,H,M,R,W,B,G,L,Q,V,A,F,K,P,U,Z,E,J,O,T
Z,E,J,O,T,Y,D,I,N,S,X,C,H,M,R,W,B,G,L,Q,V,A,F,K,P,U
A,H,O,V,C,J,Q,X,E,L,S,Z,G,N,U,B,I,P,W,D,K,R,Y,F,M,T
B,I,P,W,D,K,R,Y,F,M,T,A,H,O,V,C,J,Q,X,E,L,S,Z,G,N,U
C,J,Q,X,E,L,S,Z,G,N,U,B,I,P,W,D,K,R,Y,F,M,T,A,H,O,V
D,K,R,Y,F,M,T,A,H,O,V,C,J,Q,X,E,L,S,Z,G,N,U,B,I,P,W
E,L,S,Z,G,N,U,B,I,P,W,D,K,R,Y,F,M,T,A,H,O,V,C,J,Q,X
F,M,T,A,H,O,V,C,J,Q,X,E,L,S,Z,G,N,U,B,I,P,W,D,K,R,Y
G,N,U,B,I,P,W,D,K,R,Y,F,M,T,A,H,O,V,C,J,Q,X,E,L,S,Z
H,O,V,C,J,Q,X,E,L,S,Z,G,N,U,B,I,P,W,D,K,R,Y,F,M,T,A
I,P,W,D,K,R,Y,F,M,T,A,H,O,V,C,J,Q,X,E,L,S,Z,G,N,U,B
J,Q,X,E,L,S,Z,G,N,U,B,I,P,W,D,K,R,Y,F,M,T,A,H,O,V,C
K,R,Y,F,M,T,A,H,O,V,C,J,Q,X,E,L,S,Z,G,N,U,B,I,P,W,D
L,S,Z,G,N,U,B,I,P,W,D,K,R,Y,F,M,T,A,H,O,V,C,J,Q,X,E
M,T,A,H,O,V,C,J,Q,X,E,L,S,Z,G,N,U,B,I,P,W,D,K,R,Y,F
N,U,B,I,P,W,D,K,R,Y,F,M,T,A,H,O,V,C,J,Q,X,E,L,S,Z,G
O,V,C,J,Q,X,E,L,S,Z,G,N,U,B,I,P,W,D,K,R,Y,F,M,T,A,H
P,W,D,K,R,Y,F,M,T,A,H,O,V,C,J,Q,X,E,L,S,Z,G,N,U,B,I
Q,X,E,L,S,Z,G,N,U,B,I,P,W,D,K,R,Y,F,M,T,A,H,O,V,C,J
R,Y,F,M,T,A,H,O,V,C,J,Q,X,E,L,S,Z,G,N,U,B,I,P,W,D,K
S,Z,G,N,U,B,I,P,W,D,K,R,Y,F,M,T,A,H,O,V,C,J,Q,X,E,L
T,A,H,O,V,C,J,Q,X,E,L,S,Z,G,N,U,B,I,P,W,D,K,R,Y,F,M
U,B,I,P,W,D,K,R,Y,F,M,T,A,H,O,V,C,J,Q,X,E,L,S,Z,G,N
V,C,J,Q,X,E,L,S,Z,G,N,U,B,I,P,W,D,K,R,Y,F,M,T,A,H,O
W,D,K,R,Y,F,M,T,A,H,O,V,C,J,Q,X,E,L,S,Z,G,N,U,B,I,P
X,E,L,S,Z,G,N,U,B,I,P,W,D,K,R,Y,F,M,T,A,H,O,V,C,J,Q
Y,F,M,T,A,H,O,V,C,J,Q,X,E,L,S,Z,G,N,U,B,I,P,W,D,K,R
Z,G,N,U,B,I,P,W,D,K,R,Y,F,M,T,A,H,O,V,C,J,Q,X,E,L,S
A,J,S,B,K,T,C,L,U,D,M,V,E,N,W,F,O,X,G,P,Y,H,Q,Z,I,R
B,K,T,C,L,U,D,M,V,E,N,W,F,O,X,G,P,Y,H,Q,Z,I,R,A,J,S
C,L,U,D,M,V,E,N,W,F,O,X,G,P,Y,H,Q,Z,I,R,A,J,S,B,K,T
D,M,V,E,N,W,F,O,X,G,P,Y,H,Q,Z,I,R,A,J,S,B,K,T,C,L,U
E,N,W,F,O,X,G,P,Y,H,Q,Z,I,R,A,J,S,B,K,T,C,L,U,D,M,V
F,O,X,G,P,Y,H,Q,Z,I,R,A,J,S,B,K,T,C,L,U,D,M,V,E,N,W
G,P,Y,H,Q,Z,I,R,A,J,S,B,K,T,C,L,U,D,M,V,E,N,W,F,O,X
H,Q,Z,I,R,A,J,S,B,K,T,C,L,U,D,M,V,E,N,W,F,O,X,G,P,Y
I,R,A,J,S,B,K,T,C,L,U,D,M,V,E,N,W,F,O,X,G,P,Y,H,Q,Z
J,S,B,K,T,C,L,U,D,M,V,E,N,W,F,O,X,G,P,Y,H,Q,Z,I,R,A
K,T,C,L,U,D,M,V,E,N,W,F,O,X,G,P,Y,H,Q,Z,I,R,A,J,S,B
L,U,D,M,V,E,N,W,F,O,X,G,P,Y,H,Q,Z,I,R,A,J,S,B,K,T,C
M,V,E,N,W,F,O,X,G,P,Y,H,Q,Z,I,R,A,J,S,B,K,T,C,L,U,D
N,W,F,O,X,G,P,Y,H,Q,Z,I,R,A,J,S,B,K,T,C,L,U,D,M,V,E
O,X,G,P,Y,H,Q,Z,I,R,A,J,S,B,K,T,C,L,U,D,M,V,E,N,W,F
P,Y,H,Q,Z,I,R,A,J,S,B,K,T,C,L,U,D,M,V,E,N,W,F,O,X,G
Q,Z,I,R,A,J,S,B,K,T,C,L,U,D,M,V,E,N,W,F,O,X,G,P,Y,H
R,A,J,S,B,K,T,C,L,U,D,M,V,E,N,W,F,O,X,G,P,Y,H,Q,Z,I
S,B,K,T,C,L,U,D,M,V,E,N,W,F,O,X,G,P,Y,H,Q,Z,I,R,A,J
T,C,L,U,D,M,V,E,N,W,F,O,X,G,P,Y,H,Q,Z,I,R,A,J,S,B,K
U,D,M,V,E,N,W,F,O,X,G,P,Y,H,Q,Z,I,R,A,J,S,B,K,T,C,L
V,E,N,W,F,O,X,G,P,Y,H,Q,Z,I,R,A,J,S,B,K,T,C,L,U,D,M
W,F,O,X,G,P,Y,H,Q,Z,I,R,A,J,S,B,K,T,C,L,U,D,M,V,E,N
X,G,P,Y,H,Q,Z,I,R,A,J,S,B,K,T,C,L,U,D,M,V,E,N,W,F,O
Y,H,Q,Z,I,R,A,J,S,B,K,T,C,L,U,D,M,V,E,N,W,F,O,X,G,P
Z,I,R,A,J,S,B,K,T,C,L,U,D,M,V,E,N,W,F,O,X,G,P,Y,H,Q
A,L,W,H,S,D,O,Z,K,V,G,R,C,N,Y,J,U,F,Q,B,M,X,I,T,E,P
B,M,X,I,T,E,P,A,L,W,H,S,D,O,Z,K,V,G,R,C,N,Y,J,U,F,Q
C,N,Y,J,U,F,Q,B,M,X,I,T,E,P,A,L,W,H,S,D,O,Z,K,V,G,R
D,O,Z,K,V,G,R,C,N,Y,J,U,F,Q,B,M,X,I,T,E,P,A,L,W,H,S
E,P,A,L,W,H,S,D,O,Z,K,V,G,R,C,N,Y,J,U,F,Q,B,M,X,I,T
F,Q,B,M,X,I,T,E,P,A,L,W,H,S,D,O,Z,K,V,G,R,C,N,Y,J,U
G,R,C,N,Y,J,U,F,Q,B,M,X,I,T,E,P,A,L,W,H,S,D,O,Z,K,V
H,S,D,O,Z,K,V,G,R,C,N,Y,J,U,F,Q,B,M,X,I,T,E,P,A,L,W
I,T,E,P,A,L,W,H,S,D,O,Z,K,V,G,R,C,N,Y,J,U,F,Q,B,M,X
J,U,F,Q,B,M,X,I,T,E,P,A,L,W,H,S,D,O,Z,K,V,G,R,C,N,Y
K,V,G,R,C,N,Y,J,U,F,Q,B,M,X,I,T,E,P,A,L,W,H,S,D,O,Z
L,W,H,S,D,O,Z,K,V,G,R,C,N,Y,J,U,F,Q,B,M,X,I,T,E,P,A
M,X,I,T,E,P,A,L,W,H,S,D,O,Z,K,V,G,R,C,N,Y,J,U,F,Q,B
N,Y,J,U,F,Q,B,M,X,I,T,E,P,A,L,W,H,S,D,O,Z,K,V,G,R,C
O,Z,K,V,G,R,C,N,Y,J,U,F,Q,B,M,X,I,T,E,P,A,L,W,H,S,D
P,A,L,W,H,S,D,O,Z,K,V,G,R,C,N,Y,J,U,F,Q,B,M,X,I,T,E
Q,B,M,X,I,T,E,P,A,L,W,H,S,D,O,Z,K,V,G,R,C,N,Y,J,U,F
R,C,N,Y,J,U,F,Q,B,M,X,I,T,E,P,A,L,W,H,S,D,O,Z,K,V,G
S,D,O,Z,K,V,G,R,C,N,Y,J,U,F,Q,B,M,X,I,T,E,P,A,L,W,H
T,E,P,A,L,W,H,S,D,O,Z,K,V,G,R,C,N,Y,J,U,F,Q,B,M,X,I
U,F,Q,B,M,X,I,T,E,P,A,L,W,H,S,D,O,Z,K,V,G,R,C,N,Y,J
V,G,R,C,N,Y,J,U,F,Q,B,M,X,I,T,E,P,A,L,W,H,S,D,O,Z,K
W,H,S,D,O,Z,K,V,G,R,C,N,Y,J,U,F,Q,B,M,X,I,T,E,P,A,L
X,I,T,E,P,A,L,W,H,S,D,O,Z,K,V,G,R,C,N,Y,J,U,F,Q,B,M
Y,J,U,F,Q,B,M,X,I,T,E,P,A,L,W,H,S,D,O,Z,K,V,G,R,C,N
Z,K,V,G,R,C,N,Y,J,U,F,Q,B,M,X,I,T,E,P,A,L,W,H,S,D,O
A,P,E,T,I,X,M,B,Q,F,U,J,Y,N,C,R,G,V,K,Z,O,D,S,H,W,L
B,Q,F,U,J,Y,N,C,R,G,V,K,Z,O,D,S,H,W,L,A,P,E,T,I,X,M
C,R,G,V,K,Z,O,D,S,H,W,L,A,P,E,T,I,X,M,B,Q,F,U,J,Y,N
D,S,H,W,L,A,P,E,T,I,X,M,B,Q,F,U,J,Y,N,C,R,G,V,K,Z,O
E,T,I,X,M,B,Q,F,U,J,Y,N,C,R,G,V,K,Z,O,D,S,H,W,L,A,P
F,U,J,Y,N,C,R,G,V,K,Z,O,D,S,H,W,L,A,P,E,T,I,X,M,B,Q
G,V,K,Z,O,D,S,H,W,L,A,P,E,T,I,X,M,B,Q,F,U,J,Y,N,C,R
H,W,L,A,P,E,T,I,X,M,B,Q,F,U,J,Y,N,C,R,G,V,K,Z,O,D,S
I,X,M,B,Q,F,U,J,Y,N,C,R,G,V,K,Z,O,D,S,H,W,L,A,P,E,T
J,Y,N,C,R,G,V,K,Z,O,D,S,H,W,L,A,P,E,T,I,X,M,B,Q,F,U
K,Z,O,D,S,H,W,L,A,P,E,T,I,X,M,B,Q,F,U,J,Y,N,C,R,G,V
L,A,P,E,T,I,X,M,B,Q,F,U,J,Y,N,C,R,G,V,K,Z,O,D,S,H,W
M,B,Q,F,U,J,Y,N,C,R,G,V,K,Z,O,D,S,H,W,L,A,P,E,T,I,X
N,C,R,G,V,K,Z,O,D,S,H,W,L,A,P,E,T,I,X,M,B,Q,F,U,J,Y
O,D,S,H,W,L,A,P,E,T,I,X,M,B,Q,F,U,J,Y,N,C,R,G,V,K,Z
P,E,T,I,X,M,B,Q,F,U,J,Y,N,C,R,G,V,K,Z,O,D,S,H,W,L,A
Q,F,U,J,Y,N,C,R,G,V,K,Z,O,D,S,H,W,L,A,P,E,T,I,X,M,B
R,G,V,K,Z,O,D,S,H,W,L,A,P,E,T,I,X,M,B,Q,F,U,J,Y,N,C
S,H,W,L,A,P,E,T,I,X,M,B,Q,F,U,J,Y,N,C,R,G,V,K,Z,O,D
T,I,X,M,B,Q,F,U,J,Y,N,C,R,G,V,K,Z,O,D,S,H,W,L,A,P,E
U,J,Y,N,C,R,G,V,K,Z,O,D,S,H,W,L,A,P,E,T,I,X,M,B,Q,F
V,K,Z,O,D,S,H,W,L,A,P,E,T,I,X,M,B,Q,F,U,J,Y,N,C,R,G
W,L,A,P,E,T,I,X,M,B,Q,F,U,J,Y,N,C,R,G,V,K,Z,O,D,S,H
X,M,B,Q,F,U,J,Y,N,C,R,G,V,K,Z,O,D,S,H,W,L,A,P,E,T,I
Y,N,C,R,G,V,K,Z,O,D,S,H,W,L,A,P,E,T,I,X,M,B,Q,F,U,J
Z,O,D,S,H,W,L,A,P,E,T,I,X,M,B,Q,F,U,J,Y,N,C,R,G,V,K
A,R,I,Z,Q,H,Y,P,G,X,O,F,W,N,E,V,M,D,U,L,C,T,K,B,S,J
B,S,J,A,R,I,Z,Q,H,Y,P,G,X,O,F,W,N,E,V,M,D,U,L,C,T,K
C,T,K,B,S,J,A,R,I,Z,Q,H,Y,P,G,X,O,F,W,N,E,V,M,D,U,L
D,U,L,C,T,K,B,S,J,A,R,I,Z,Q,H,Y,P,G,X,O,F,W,N,E,V,M
E,V,M,D,U,L,C,T,K,B,S,J,A,R,I,Z,Q,H,Y,P,G,X,O,F,W,N
F,W,N,E,V,M,D,U,L,C,T,K,B,S,J,A,R,I,Z,Q,H,Y,P,G,X,O
G,X,O,F,W,N,E,V,M,D,U,L,C,T,K,B,S,J,A,R,I,Z,Q,H,Y,P
H,Y,P,G,X,O,F,W,N,E,V,M,D,U,L,C,T,K,B,S,J,A,R,I,Z,Q
I,Z,Q,H,Y,P,G,X,O,F,W,N,E,V,M,D,U,L,C,T,K,B,S,J,A,R
J,A,R,I,Z,Q,H,Y,P,G,X,O,F,W,N,E,V,M,D,U,L,C,T,K,B,S
K,B,S,J,A,R,I,Z,Q,H,Y,P,G,X,O,F,W,N,E,V,M,D,U,L,C,T
L,C,T,K,B,S,J,A,R,I,Z,Q,H,Y,P,G,X,O,F,W,N,E,V,M,D,U
M,D,U,L,C,T,K,B,S,J,A,R,I,Z,Q,H,Y,P,G,X,O,F,W,N,E,V
N,E,V,M,D,U,L,C,T,K,B,S,J,A,R,I,Z,Q,H,Y,P,G,X,O,F,W
O,F,W,N,E,V,M,D,U,L,C,T,K,B,S,J,A,R,I,Z,Q,H,Y,P,G,X
P,G,X,O,F,W,N,E,V,M,D,U,L,C,T,K,B,S,J,A,R,I,Z,Q,H,Y
Q,H,Y,P,G,X,O,F,W,N,E,V,M,D,U,L,C,T,K,B,S,J,A,R,I,Z
R,I,Z,Q,H,Y,P,G,X,O,F,W,N,E,V,M,D,U,L,C,T,K,B,S,J,A
S,J,A,R,I,Z,Q,H,Y,P,G,X,O,F,W,N,E,V,M,D,U,L,C,T,K,B
T,K,B,S,J,A,R,I,Z,Q,H,Y,P,G,X,O,F,W,N,E,V,M,D,U,L,C
U,L,C,T,K,B,S,J,A,R,I,Z,Q,H,Y,P,G,X,O,F,W,N,E,V,M,D
V,M,D,U,L,C,T,K,B,S,J,A,R,I,Z,Q,H,Y,P,G,X,O,F,W,N,E
W,N,E,V,M,D,U,L,C,T,K,B,S,J,A,R,I,Z,Q,H,Y,P,G,X,O,F
X,O,F,W,N,E,V,M,D,U,L,C,T,K,B,S,J,A,R,I,Z,Q,H,Y,P,G
Y,P,G,X,O,F,W,N,E,V,M,D,U,L,C,T,K,B,S,J,A,R,I,Z,Q,H
Z,Q,H,Y,P,G,X,O,F,W,N,E,V,M,D,U,L,C,T,K,B,S,J,A,R,I
A,T,M,F,Y,R,K,D,W,P,I,B,U,N,G,Z,S,L,E,X,Q,J,C,V,O,H
B,U,N,G,Z,S,L,E,X,Q,J,C,V,O,H,A,T,M,F,Y,R,K,D,W,P,I
C,V,O,H,A,T,M,F,Y,R,K,D,W,P,I,B,U,N,G,Z,S,L,E,X,Q,J
D,W,P,I,B,U,N,G,Z,S,L,E,X,Q,J,C,V,O,H,A,T,M,F,Y,R,K
E,X,Q,J,C,V,O,H,A,T,M,F,Y,R,K,D,W,P,I,B,U,N,G,Z,S,L
F,Y,R,K,D,W,P,I,B,U,N,G,Z,S,L,E,X,Q,J,C,V,O,H,A,T,M
G,Z,S,L,E,X,Q,J,C,V,O,H,A,T,M,F,Y,R,K,D,W,P,I,B,U,N
H,A,T,M,F,Y,R,K,D,W,P,I,B,U,N,G,Z,S,L,E,X,Q,J,C,V,O
I,B,U,N,G,Z,S,L,E,X,Q,J,C,V,O,H,A,T,M,F,Y,R,K,D,W,P
J,C,V,O,H,A,T,M,F,Y,R,K,D,W,P,I,B,U,N,G,Z,S,L,E,X,Q
K,D,W,P,I,B,U,N,G,Z,S,L,E,X,Q,J,C,V,O,H,A,T,M,F,Y,R
L,E,X,Q,J,C,V,O,H,A,T,M,F,Y,R,K,D,W,P,I,B,U,N,G,Z,S
M,F,Y,R,K,D,W,P,I,B,U,N,G,Z,S,L,E,X,Q,J,C,V,O,H,A,T
N,G,Z,S,L,E,X,Q,J,C,V,O,H,A,T,M,F,Y,R,K,D,W,P,I,B,U
O,H,A,T,M,F,Y,R,K,D,W,P,I,B,U,N,G,Z,S,L,E,X,Q,J,C,V
P,I,B,U,N,G,Z,S,L,E,X,Q,J,C,V,O,H,A,T,M,F,Y,R,K,D,W
Q,J,C,V,O,H,A,T,M,F,Y,R,K,D,W,P,I,B,U,N,G,Z,S,L,E,X
R,K,D,W,P,I,B,U,N,G,Z,S,L,E,X,Q,J,C,V,O,H,A,T,M,F,Y
S,L,E,X,Q,J,C,V,O,H,A,T,M,F,Y,R,K,D,W,P,I,B,U,N,G,Z
T,M,F,Y,R,K,D,W,P,I,B,U,N,G,Z,S,L,E,X,Q,J,C,V,O,H,A
U,N,G,Z,S,L,E,X,Q,J,C,V,O,H,A,T,M,F,Y,R,K,D,W,P,I,B
V,O,H,A,T,M,F,Y,R,K,D,W,P,I,B,U,N,G,Z,S,L,E,X,Q,J,C
W,P,I,B,U,N,G,Z,S,L,E,X,Q,J,C,V,O,H,A,T,M,F,Y,R,K,D
X,Q,J,C,V,O,H,A,T,M,F,Y,R,K,D,W,P,I,B,U,N,G,Z,S,L,E
Y,R,K,D,W,P,I,B,U,N,G,Z,S,L,E,X,Q,J,C,V,O,H,A,T,M,F
Z,S,L,E,X,Q,J,C,V,O,H,A,T,M,F,Y,R,K,D,W,P,I,B,U,N,G
A,V,Q,L,G,B,W,R,M,H,C,X,S,N,I,D,Y,T,O,J,E,Z,U,P,K,F
B,W,R,M,H,C,X,S,N,I,D,Y,T,O,J,E,Z,U,P,K,F,A,V,Q,L,G
C,X,S,N,I,D,Y,T,O,J,E,Z,U,P,K,F,A,V,Q,L,G,B,W,R,M,H
D,Y,T,O,J,E,Z,U,P,K,F,A,V,Q,L,G,B,W,R,M,H,C,X,S,N,I
E,Z,U,P,K,F,A,V,Q,L,G,B,W,R,M,H,C,X,S,N,I,D,Y,T,O,J
F,A,V,Q,L,G,B,W,R,M,H,C,X,S,N,I,D,Y,T,O,J,E,Z,U,P,K
G,B,W,R,M,H,C,X,S,N,I,D,Y,T,O,J,E,Z,U,P,K,F,A,V,Q,L
H,C,X,S,N,I,D,Y,T,O,J,E,Z,U,P,K,F,A,V,Q,L,G,B,W,R,M
I,D,Y,T,O,J,E,Z,U,P,K,F,A,V,Q,L,G,B,W,R,M,H,C,X,S,N
J,E,Z,U,P,K,F,A,V,Q,L,G,B,W,R,M,H,C,X,S,N,I,D,Y,T,O
K,F,A,V,Q,L,G,B,W,R,M,H,C,X,S,N,I,D,Y,T,O,J,E,Z,U,P
L,G,B,W,R,M,H,C,X,S,N,I,D,Y,T,O,J,E,Z,U,P,K,F,A,V,Q
M,H,C,X,S,N,I,D,Y,T,O,J,E,Z,U,P,K,F,A,V,Q,L,G,B,W,R
N,I,D,Y,T,O,J,E,Z,U,P,K,F,A,V,Q,L,G,B,W,R,M,H,C,X,S
O,J,E,Z,U,P,K,F,A,V,Q,L,G,B,W,R,M,H,C,X,S,N,I,D,Y,T
P,K,F,A,V,Q,L,G,B,W,R,M,H,C,X,S,N,I,D,Y,T,O,J,E,Z,U
Q,L,G,B,W,R,M,H,C,X,S,N,I,D,Y,T,O,J,E,Z,U,P,K,F,A,V
R,M,H,C,X,S,N,I,D,Y,T,O,J,E,Z,U,P,K,F,A,V,Q,L,G,B,W
S,N,I,D,Y,T,O,J,E,Z,U,P,K,F,A,V,Q,L,G,B,W,R,M,H,C,X
T,O,J,E,Z,U,P,K,F,A,V,Q,L,G,B,W,R,M,H,C,X,S,N,I,D,Y
U,P,K,F,A,V,Q,L,G,B,W,R,M,H,C,X,S,N,I,D,Y,T,O,J,E,Z
V,Q,L,G,B,W,R,M,H,C,X,S,N,I,D,Y,T,O,J,E,Z,U,P,K,F,A
W,R,M,H,C,X,S,N,I,D,Y,T,O,J,E,Z,U,P,K,F,A,V,Q,L,G,B
X,S,N,I,D,Y,T,O,J,E,Z,U,P,K,F,A,V,Q,L,G,B,W,R,M,H,C
Y,T,O,J,E,Z,U,P,K,F,A,V,Q,L,G,B,W,R,M,H,C,X,S,N,I,D
Z,U,P,K,F,A,V,Q,L,G,B,W,R,M,H,C,X,S,N,I,D,Y,T,O,J,E
A,X,U,R,O,L,I,F,C,Z,W,T,Q,N,K,H,E,B,Y,V,S,P,M,J,G,D
B,Y,V,S,P,M,J,G,D,A,X,U,R,O,L,I,F,C,Z,W,T,Q,N,K,H,E
C,Z,W,T,Q,N,K,H,E,B,Y,V,S,P,M,J,G,D,A,X,U,R,O,L,I,F
D,A,X,U,R,O,L,I,F,C,Z,W,T,Q,N,K,H,E,B,Y,V,S,P,M,J,G
E,B,Y,V,S,P,M,J,G,D,A,X,U,R,O,L,I,F,C,Z,W,T,Q,N,K,H
F,C,Z,W,T,Q,N,K,H,E,B,Y,V,S,P,M,J,G,D,A,X,U,R,O,L,I
G,D,A,X,U,R,O,L,I,F,C,Z,W,T,Q,N,K,H,E,B,Y,V,S,P,M,J
H,E,B,Y,V,S,P,M,J,G,D,A,X,U,R,O,L,I,F,C,Z,W,T,Q,N,K
I,F,C,Z,W,T,Q,N,K,H,E,B,Y,V,S,P,M,J,G,D,A,X,U,R,O,L
J,G,D,A,X,U,R,O,L,I,F,C,Z,W,T,Q,N,K,H,E,B,Y,V,S,P,M
K,H,E,B,Y,V,S,P,M,J,G,D,A,X,U,R,O,L,I,F,C,Z,W,T,Q,N
L,I,F,C,Z,W,T,Q,N,K,H,E,B,Y,V,S,P,M,J,G,D,A,X,U,R,O
M,J,G,D,A,X,U,R,O,L,I,F,C,Z,W,T,Q,N,K,H,E,B,Y,V,S,P
N,K,H,E,B,Y,V,S,P,M,J,G,D,A,X,U,R,O,L,I,F,C,Z,W,T,Q
O,L,I,F,C,Z,W,T,Q,N,K,H,E,B,Y,V,S,P,M,J,G,D,A,X,U,R
P,M,J,G,D,A,X,U,R,O,L,I,F,C,Z,W,T,Q,N,K,H,E,B,Y,V,S
Q,N,K,H,E,B,Y,V,S,P,M,J,G,D,A,X,U,R,O,L,I,F,C,Z,W,T
R,O,L,I,F,C,Z,W,T,Q,N,K,H,E,B,Y,V,S,P,M,J,G,D,A,X,U
S,P,M,J,G,D,A,X,U,R,O,L,I,F,C,Z,W,T,Q,N,K,H,E,B,Y,V
T,Q,N,K,H,E,B,Y,V,S,P,M,J,G,D,A,X,U,R,O,L,I,F,C,Z,W
U,R,O,L,I,F,C,Z,W,T,Q,N,K,H,E,B,Y,V,S,P,M,J,G,D,A,X
V,S,P,M,J,G,D,A,X,U,R,O,L,I,F,C,Z,W,T,Q,N,K,H,E,B,Y
W,T,Q,N,K,H,E,B,Y,V,S,P,M,J,G,D,A,X,U,R,O,L,I,F,C,Z
X,U,R,O,L,I,F,C,Z,W,T,Q,N,K,H,E,B,Y,V,S,P,M,J,G,D,A
Y,V,S,P,M,J,G,D,A,X,U,R,O,L,I,F,C,Z,W,T,Q,N,K,H,E,B
Z,W,T,Q,N,K,H,E,B,Y,V,S,P,M,J,G,D,A,X,U,R,O,L,I,F,C
A,Z,Y,X,W,V,U,T,S,R,Q,P,O,N,M,L,K,J,I,H,G,F,E,D,C,B
B,A,Z,Y,X,W,V,U,T,S,R,Q,P,O,N,M,L,K,J,I,H,G,F,E,D,C
C,B,A,Z,Y,X,W,V,U,T,S,R,Q,P,O,N,M,L,K,J,I,H,G,F,E,D
D,C,B,A,Z,Y,X,W,V,U,T,S,R,Q,P,O,N,M,L,K,J,I,H,G,F,E
E,D,C,B,A,Z,Y,X,W,V,U,T,S,R,Q,P,O,N,M,L,K,J,I,H,G,F
F,E,D,C,B,A,Z,Y,X,W,V,U,T,S,R,Q,P,O,N,M,L,K,J,I,H,G
G,F,E,D,C,B,A,Z,Y,X,W,V,U,T,S,R,Q,P,O,N,M,L,K,J,I,H
H,G,F,E,D,C,B,A,Z,Y,X,W,V,U,T,S,R,Q,P,O,N,M,L,K,J,I
I,H,G,F,E,D,C,B,A,Z,Y,X,W,V,U,T,S,R,Q,P,O,N,M,L,K,J
J,I,H,G,F,E,D,C,B,A,Z,Y,X,W,V,U,T,S,R,Q,P,O,N,M,L,K
K,J,I,H,G,F,E,D,C,B,A,Z,Y,X,W,V,U,T,S,R,Q,P,O,N,M,L
L,K,J,I,H,G,F,E,D,C,B,A,Z,Y,X,W,V,U,T,S,R,Q,P,O,N,M
M,L,K,J,I,H,G,F,E,D,C,B,A,Z,Y,X,W,V,U,T,S,R,Q,P,O,N
N,M,L,K,J,I,H,G,F,E,D,C,B,A,Z,Y,X,W,V,U,T,S,R,Q,P,O
O,N,M,L,K,J,I,H,G,F,E,D,C,B,A,Z,Y,X,W,V,U,T,S,R,Q,P
P,O,N,M,L,K,J,I,H,G,F,E,D,C,B,A,Z,Y,X,W,V,U,T,S,R,Q
Q,P,O,N,M,L,K,J,I,H,G,F,E,D,C,B,A,Z,Y,X,W,V,U,T,S,R
R,Q,P,O,N,M,L,K,J,I,H,G,F,E,D,C,B,A,Z,Y,X,W,V,U,T,S
S,R,Q,P,O,N,M,L,K,J,I,H,G,F,E,D,C,B,A,Z,Y,X,W,V,U,T
T,S,R,Q,P,O,N,M,L,K,J,I,H,G,F,E,D,C,B,A,Z,Y,X,W,V,U
U,T,S,R,Q,P,O,N,M,L,K,J,I,H,G,F,E,D,C,B,A,Z,Y,X,W,V
V,U,T,S,R,Q,P,O,N,M,L,K,J,I,H,G,F,E,D,C,B,A,Z,Y,X,W
W,V,U,T,S,R,Q,P,O,N,M,L,K,J,I,H,G,F,E,D,C,B,A,Z,Y,X
X,W,V,U,T,S,R,Q,P,O,N,M,L,K,J,I,H,G,F,E,D,C,B,A,Z,Y
Y,X,W,V,U,T,S,R,Q,P,O,N,M,L,K,J,I,H,G,F,E,D,C,B,A,Z
Z,Y,X,W,V,U,T,S,R,Q,P,O,N,M,L,K,J,I,H,G,F,E,D,C,B,A
