n,r,n,t,v,i,n,y,o,f,d,d,o,r,a,a,a,
i,g,o,y,m,t,o,g,w,c,a,d,t,g,a,d,o,
l,e,i,y,l,a,d,e,i,r,o,i,r,t,g,u,n,
i,t,a,e,t,g,e,n,k,k,r,c,t,a,i,c,d,
f,o,s,e,s,n,l,i,w,a,e,d,n,s,b,c,g,
r,y,u,r,o,t,n,e,g,h,t,e,p,r,m,a,a,
t,r,d,a,o,f,o,h,n,v,u,f,e,e,t,r,e,
i,t,n,h,t,t,t,t,t,o,w,o,h,g,t,a,e,
t,f,d,t,l,r,y,o,i,d,s,t,o,i,o,e,r,
a,i,n,e,a,e,n,w,i,n,e,l,r,f,e,t,r,
g,y,m,r,t,e,k,d,h,a,t,o,e,i,h,c,d,
n,t,r,e,o,h,w,l,h,n,i,w,e,n,f,c,o,
e,g,e,o,c,l,w,r,n,a,u,o,c,c,f,n,c,
h,n,n,t,r,e,o,f,m,a,s,l,i,i,i,u,e,
t,t,i,e,t,d,a,o,h,r,h,h,d,c,c,o,d,
e,o,o,r,n,g,h,p,w,d,h,t,s,n,i,o,r,
d,n,s,p,l,e,a,i,o,s,c,l,g,a,l,t,t,
b,r,e,e,o,e,h,d,r,s,g,p,n,t,a,l,f,
i,u,r,s,e,t,t,o,e,e,i,e,r,e,e,a,o,
l,s,u,a,f,a,b,l,a,m,h,y,p,y,w,f,e,
r,a,i,t,o,h,s,c,h,y,l,a,i,e,s,t,h,
e,i,b,n,e,s,n,a,e,t,h,i,v,h,e,l,e,
i,n,a,o,v,e,e,m,t,t,e,a,o,e,r,d,e,
t,e,i,p,s,v,e,a,s,g,v,f,i,w,l,e,m,
a,r,l,t,t,a,e,y,s,a,e,s,d,a,b,h,i,
n,o,t,n,n,e,r,i,i,o,i,r,u,e,a,s,t,
o,m,y,i,h,r,r,d,h,e,l,a,g,r,t,i,o,
f,e,t,f,t,r,o,n,u,r,o,r,n,l,e,s,g,
o,m,a,o,s,u,c,m,c,e,v,t,w,b,e,u,n,
s,e,o,e,y,t,e,a,i,t,n,e,s,o,p,c,i,
u,b,p,i,e,e,d,e,n,e,v,t,h,t,o,i,r,
o,f,a,v,t,n,s,l,n,m,l,a,t,e,s,s,a,
n,o,d,a,e,o,a,p,g,r,e,y,i,n,r,s,s,
e,r,o,w,e,t,d,s,n,n,m,g,h,e,d,n,t,
r,h,t,t,h,d,h,a,e,o,e,p,t,r,a,o,r,
m,t,p,d,t,h,t,t,e,s,t,p,n,u,u,h,g,
e,e,r,n,g,t,r,d,b,u,n,i,i,s,t,t,d,
s,d,u,e,a,r,t,e,m,r,t,y,e,m,e,u,e,
e,e,a,h,d,i,e,b,n,i,n,l,e,e,i,r,e,
i,e,l,s,n,e,t,o,e,s,i,g,t,i,e,e,u,
s,l,s,e,e,o,u,b,r,s,e,n,i,x,h,s,o,
i,t,s,b,i,h,n,a,o,s,h,r,l,a,l,s,o,
r,a,n,o,a,s,a,e,f,a,s,a,l,u,r,n,c,
p,g,c,t,i,e,h,e,e,v,i,c,e,m,d,a,t,
a,o,e,h,d,m,w,l,c,n,d,f,g,o,a,i,e,
n,i,c,t,n,t,d,d,e,i,u,e,e,c,e,n,m,
i,i,e,f,c,i,r,o,f,l,c,p,c,m,r,a,e,
p,s,r,m,s,t,e,t,i,o,i,l,n,f,e,u,w,
i,n,i,e,s,s,h,v,t,m,s,u,e,n,h,a,s,
c,b,y,l,s,i,p,e,t,e,s,e,w,i,t,d,u,
l,s,v,t,u,a,e,o,e,v,n,r,e,s,s,t,f,
a,h,e,a,o,h,s,l,v,n,o,u,e,u,t,s,y,
a,t,s,a,i,e,s,e,a,e,t,s,n,n,a,h,l,
o,o,r,e,i,r,o,i,h,n,i,s,e,o,w,o,l,
g,i,e,t,w,t,b,p,n,i,s,e,d,o,t,r,n,
b,r,h,t,n,o,i,i,i,t,a,r,o,m,i,n,i,
l,y,t,s,h,c,t,w,n,h,w,t,t,a,u,u,n,
f,k,y,l,t,t,e,t,i,t,l,o,d,g,o,r,e,
t,s,n,o,e,d,l,h,h,a,c,t,r,n,b,a,t,
u,n,i,t,n,r,s,t,t,b,s,e,p,r,d,g,t,
l,a,s,s,o,a,o,e,s,e,a,h,a,u,l,a,d,
o,n,a,i,n,h,p,h,s,k,e,n,p,o,b,i,x,
w,u,g,n,a,e,a,t,a,l,h,u,e,n,e,f,e,
o,d,l,e,h,b,h,e,r,s,t,j,e,e,t,o,o,
l,e,p,t,t,t,t,h,g,n,r,o,r,i,t,n,l,
n,n,f,u,o,o,e,o,e,a,t,i,r,m,e,i,p,
i,s,y,b,r,c,t,p,t,n,a,e,o,e,r,f,t,
y,e,a,h,e,s,a,l,f,a,w,m,f,s,e,a,i,
m,c,i,t,d,e,h,s,y,h,e,r,h,e,t,i,o,
g,a,a,h,n,m,r,f,t,t,w,b,t,t,o,c,h,
i,s,o,y,a,h,t,h,r,d,u,m,o,y,n,s,t,
d,a,p,e,h,t,h,c,o,r,o,s,f,b,o,l,u,
u,y,r,v,t,e,t,u,e,e,h,r,e,e,t,r,s,
c,r,n,a,r,r,u,d,h,a,d,e,t,h,k,e,i,
s,y,i,i,i,e,n,a,n,w,l,f,r,s,a,w,c,
s,n,o,l,e,l,i,t,a,e,v,o,o,o,t,l,n,
s,p,s,e,e,a,r,s,m,a,a,e,c,m,o,e,t,
n,p,t,t,s,y,u,i,g,s,i,h,h,m,e,t,r,
o,a,t,t,o,t,o,n,a,a,l,t,i,t,i,f,e,
i,o,u,a,i,i,e,i,e,e,e,e,m,v,f,e,i,
w,r,o,e,n,e,b,i,m,r,t,r,w,r,f,n,a,
s,h,h,l,s,w,i,u,e,r,t,n,g,a,i,o,y,
h,c,t,t,r,n,t,g,t,l,t,i,n,l,c,w,t,
t,a,e,u,d,o,s,h,n,k,e,t,r,e,m,y,n,
i,o,s,r,n,d,t,s,t,s,l,e,a,u,l,l,t,
l,t,d,o,a,t,n,f,f,i,n,u,t,o,a,t,a,
p,c,n,h,o,o,e,d,o,h,o,u,e,l,n,i,e,
f,u,i,t,m,e,r,e,e,t,o,o,b,s,i,n,h,
y,s,v,i,i,e,e,i,h,t,h,s,e,s,e,i,t,
a,a,i,h,e,n,t,r,i,t,o,a,w,a,t,h,o,
i,h,u,t,r,t,s,d,e,a,e,r,r,r,u,o,f,
a,n,d,y,p,d,h,n,r,e,p,n,n,t,o,f,h,
h,i,i,j,m,e,t,e,h,h,i,e,e,a,s,a,t,
i,n,l,e,t,b,s,l,c,o,f,g,s,t,h,m,r,
r,i,a,i,r,o,s,p,a,w,o,s,u,m,t,r,o,
v,d,f,n,o,h,i,f,t,y,f,t,a,e,f,p,c,
a,d,o,u,n,t,e,y,s,l,n,d,i,g,m,l,n,
o,i,s,r,a,e,b,a,t,u,e,n,s,h,e,s,i,
c,v,e,o,y,r,i,i,d,n,u,a,n,w,t,r,m,
e,a,t,f,l,e,i,a,e,u,l,f,a,h,e,e,c,
e,u,a,f,t,r,l,s,e,d,c,o,h,c,e,n,g,
m,i,h,o,h,o,e,i,m,t,n,c,t,i,n,o,f,
s,r,n,c,t,e,v,r,i,i,g,i,d,w,i,n,n,
o,l,e,i,t,v,e,m,t,n,n,f,o,i,h,l,o,
t,k,v,l,y,e,o,a,a,a,i,r,e,l,w,a,r,
e,s,t,a,e,t,t,o,g,e,h,e,o,l,g,t,e,
e,i,i,i,k,n,a,n,n,f,t,e,t,i,l,o,c,
a,s,l,o,a,n,e,a,e,d,r,p,t,e,i,o,n,
h,s,l,s,h,k,b,c,l,h,p,s,a,r,e,s,e,
t,n,t,h,t,o,e,f,n,g,e,s,m,r,w,e,i,
t,g,n,t,e,w,n,n,a,i,n,r,m,e,e,t,e,
t,l,i,n,r,o,i,n,x,t,i,d,e,f,e,f,o,
c,l,e,o,e,a,t,u,e,t,p,a,n,o,r,d,c,
e,a,l,e,o,h,n,n,d,o,i,u,i,t,i,e,n,
h,n,f,e,c,w,e,i,r,c,c,d,p,t,e,h,s,
a,i,n,h,e,w,r,n,f,o,l,e,b,s,c,s,n,
l,u,e,t,d,t,n,a,r,t,a,e,e,a,e,i,n,
i,o,u,h,r,s,y,g,n,n,n,h,r,e,v,s,a,
s,g,e,r,t,s,l,i,a,l,a,t,t,h,f,u,t,
s,i,c,d,f,a,w,d,o,o,s,t,u,a,a,c,i,
a,r,y,n,o,i,e,j,j,r,s,m,f,l,d,i,t,
c,e,n,a,e,a,r,n,z,u,d,e,f,p,l,s,p,
t,t,a,a,h,e,t,e,e,o,e,r,o,f,u,s,o,
s,n,a,h,e,w,s,y,s,r,w,o,r,y,n,n,n,
l,t,w,a,e,d,t,o,o,t,o,o,a,r,a,o,l,
a,n,h,e,m,e,a,r,g,r,e,p,e,i,l,n,e,
