n,i,l,i,f,r,t,i,t
a,g,n,e,h,t,e,d,b
i,l,r,e,i,t,a,n,o
f,o,s,u,o,n,e,r,m
e,s,e,i,s,i,r,p,a
n,i,p,i,c,l,a,a,o
g,b,l,f,t,u,l,o,w
o,l,n,i,y,m,g,i,d
u,c,s,s,s,n,o,i,w
s,h,t,i,l,p,f,y,a
i,a,h,i,r,v,a,o,c
e,e,m,s,o,t,e,e,a
h,t,t,t,c,e,h,a,l
i,s,s,a,c,t,s,l,a
r,g,e,t,o,y,r,t,f
i,y,t,g,n,t,o,n,r
u,s,a,i,n,e,r,o,m
e,m,e,b,f,o,r,h,t
e,d,e,e,l,t,a,g,o
i,i,s,n,b,s,h,t,o
i,r,y,k,s,n,a,n,u
d,e,n,s,e,c,a,s,a
y,r,y,n,p,p,a,o,r
h,c,a,o,t,c,u,s,a
h,n,i,n,i,d,d,i,v
a,u,i,r,l,k,s,i,s
s,n,g,l,l,a,n,i,u
o,g,i,r,e,t,n,t,n
n,o,i,a,s,u,d,n,d
n,m,r,e,n,i,o,s,e
r,u,i,b,a,i,l,t,y
t,a,o,p,a,d,o,t,p
r,u,a,l,s,s,n,c,e
c,e,r,i,y,v,e,s,r
e,h,t,y,n,i,s,a,g
l,p,f,y,a,i,a,o,p
r,n,i,o,s,t,t,u,o
h,t,e,s,d,n,i,v,i
u,d,i,l,a,f,o,s,e
t,a,h,n,e,v,t,i,l
l,t,n,i,e,l,f,n,e
u,e,c,y,n,a,a,w,h
t,y,y,e,e,r,a,h,t
e,r,e,o,t,e,r,p,e
s,a,t,n,o,p,t,n,i
f,o,e,i,v,a,w,t,d
n,e,h,s,e,b,o,t,h
t,f,m,e,l,t,a,a,e
t,t,s,l,o,t,s,i,n
e,t,u,b,h,t,h,y,e
v,a,i,l,e,t,t,a,e
l,t,u,r,o,h,t,i,h
t,y,j,e,i,n,u,r,o
f,f,o,c,i,l,a,i,o
s,h,t,n,o,e,e,h,t
h,r,d,n,a,a,h,a,e
v,m,l,t,s,o,o,t,l
a,t,o,c,r,t,n,l,o
e,f,o,e,v,s,t,n,h
t,s,y,e,t,e,e,h,t
g,a,d,n,e,i,a,i,d
n,c,s,s,s,u,o,i,i
w,n,h,t,e,n,o,n,a
h,t,o,r,e,d,n,a,h
t,r,i,e,e,s,o,i,n
s,r,d,n,a,o,m,i,e
r,p,m,t,r,o,n,a,y
l,t,h,t,t,y,e,k,a
h,t,e,r,e,o,c,e,d
r,t,f,o,e,h,e,e,m
i,t,a,g,n,t,f,t,r
e,e,h,l,e,d,g,e,e
t,a,h,s,e,v,a,e,r
r,u,t,e,n,o,t,d,h
t,r,i,e,o,h,s,e,m
t,i,t,s,i,a,h,e,r
t,o,c,t,d,r,a,h,e
b,t,o,c,s,e,m,h,t
e,r,e,l,a,y,t,i,e
w,n,o,d,t,o,e,e,n
t,d,e,b,o,h,t,e,r
e,r,o,e,v,e,t,n,n
k,o,w,o,a,h,w,w,t
s,s,a,i,a,e,w,d,e
n,o,d,e,l,n,o,t,y
n,k,w,w,o,a,h,a,h
t,b,s,n,e,e,e,r,r
o,c,e,d,s,a,d,h,t
r,t,e,t,u,n,a,h,w
d,r,e,h,p,e,s,s,o
b,i,t,e,l,s,o,p,a
h,t,e,t,a,h,r,t,h
t,u,n,i,r,u,o,e,b
i,t,s,t,n,e,r,e,t
s,h,t,s,s,i,e,b,i
i,l,e,v,e,o,t,a,e
b,e,n,i,t,n,e,r,n
y,l,w,e,r,t,s,t,a
y,g,e,n,i,e,h,t,o
w,d,l,r,f,o,p,i,d
o,l,c,a,m,a,y,i,d
n,m,a,e,l,p,s,a,t
d,e,b,o,b,a,e,e,l
d,o,t,v,e,o,l,e,i
p,i,w,t,h,t,e,h,t
e,h,o,p,l,s,f,h,c
u,d,a,t,s,i,n,i,i
u,g,h,s,f,d,e,i,r
d,n,e,l,p,f,y,a,i
a,s,i,r,m,a,o,n,a
c,f,n,n,u,n,i,n,a
g,i,d,j,n,e,y,o,r
o,w,i,k,w,g,n,t,i
i,h,h,n,m,h,w,o,r
e,a,h,e,t,s,s,i,h
u,c,i,n,n,g,n,e,e
b,m,n,e,r,o,f,e,c
e,f,i,t,t,e,v,a,h
n,i,n,i,h,t,s,s,a
r,g,e,t,f,y,t,r,o
e,h,n,a,m,g,a,e,m
e,t,n,t,f,o,e,h,i
e,r,h,c,a,t,s,t,d
e,e,m,i,t,a,g,n,e
l,n,a,x,e,d,r,f,r
n,a,o,j,z,e,s,o,g
f,c,r,k,a,h,v,o,d
n,a,n,a,a,r,d,s,s
e,m,y,t,t,g,a,o,e
r,e,t,e,m,r,n,o,s
u,r,i,s,s,s,a,v,n
i,l,o,m,e,v,n,e,n
i,t,h,t,a,b,e,k,l
s,n,a,n,a,h,t,d,r
e,a,w,e,a,s,a,e,r
r,l,k,s,i,h,t,t,t
a,e,h,o,w,y,l,u,n
u,d,t,i,n,a,e,f,d
h,g,i,t,t,o,c,o,t
n,l,o,r,u,o,r,t,r
d,a,o,r,e,t,u,w,s
e,t,i,u,s,h,h,c,g
i,h,l,h,e,v,e,i,l
o,v,n,v,l,e,m,e,t
n,t,n,i,e,h,s,i,d
u,c,i,s,s,n,o,t,i
s,a,w,l,c,s,a,e,h
t,r,t,a,w,e,w,u,o
h,d,l,v,a,i,l,e,t
t,t,e,l,n,o,o,h,o
e,p,i,f,o,f,n,e,u
l,c,n,g,n,i,h,t,r
p,e,n,i,p,i,c,l,a
n,a,s,s,d,e,w,o,e
d,d,i,c,d,e,f,o,t
l,o,w,o,l,h,t,l,p
e,y,a,i,a,f,s,r,a
r,t,e,t,a,y,g,p,p
i,y,l,g,n,r,a,c,f
e,p,l,u,e,r,u,s,s
e,r,t,o,t,e,h,n,u
j,o,i,e,m,r,b,m,s
r,e,f,o,e,h,t,e,r
n,i,t,e,u,u,o,s,a
r,n,e,g,s,t,d,n,a
f,o,c,i,f,r,e,e,p
s,s,r,d,a,u,d,e,e
h,t,t,m,e,r,o,o,p
o,t,r,t,n,p,e,h,o
r,e,e,c,i,d,s,g,n
r,p,i,v,o,i,d,u,g
n,w,s,h,t,i,h,t,n
i,e,e,t,i,l,l,e,g
e,c,n,e,w,e,e,n,e
d,o,t,d,r,p,a,p,e
e,r,r,o,f,h,t,o,f
e,t,r,o,c,h,i,m,w
g,n,r,a,t,e,b,e,w
r,n,e,s,u,a,i,s,n
a,h,t,d,o,e,o,t,t
a,m,m,e,n,i,p,b,e
r,t,u,f,f,o,r,a,e
r,g,t,a,s,r,e,g,i
f,i,n,c,i,c,n,a,t
e,y,e,h,e,w,a,e,r
l,b,o,t,e,n,e,r,u
s,m,e,i,x,a,u,m,o
c,m,f,n,i,s,u,n,o
o,m,a,g,n,r,u,o,n
e,i,m,e,s,e,t,y,b
e,h,s,o,m,m,t,v,r
a,l,e,u,o,l,s,s,a
r,t,a,t,m,e,g,h,w
h,c,i,w,i,l,l,i,e
r,r,e,f,o,t,t,s,a
e,h,a,l,p,f,y,r,i
a,a,g,i,b,m,t,t,o
e,h,f,f,i,c,i,l,a
e,w,s,e,r,l,b,a,t
e,e,p,o,s,r,d,a,u
t,e,i,e,h,l,r,d,a
e,r,e,h,t,s,t,a,w
t,i,u,o,b,d,l,b,e
t,t,e,r,e,t,o,n,o
t,k,a,t,o,e,i,f,f
i,c,m,l,a,n,i,e,t
u,o,s,h,t,f,m,e,t
e,e,n,i,h,w,g,l,i
e,w,e,e,r,i,e,c,e
v,f,a,d,l,u,n,a,l
a,d,u,c,c,a,r,a,e
t,c,c,n,u,o,o,t,l
a,f,t,l,d,e,h,s,i
s,u,c,i,s,s,n,o,h
t,u,r,e,s,s,n,a,i
n,a,u,a,d,t,s,h,o
r,n,u,r,a,g,a,i,f
o,n,i,f,a,i,c,s,l
r,e,w,l,e,t,f,e,n
o,w,y,l,t,i,n,i,h
o,f,a,m,r,p,l,s,r
e,n,o,n,l,a,t,o,o
s,e,t,f,d,e,h,s,i
s,u,c,i,s,s,n,o,n
a,o,n,d,g,a,e,e,r
r,d,o,c,e,d,r,t,f
o,e,h,e,e,m,i,t,o
g,n,i,r,a,s,t,r,g
d,e,e,u,o,o,c,t,e
m,e,w,s,u,f,y,l,l
n,i,n,e,t,t,d,x,e
o,l,p,t,i,o,h,t,u
s,i,c,n,t,r,e,i,a
y,t,n,t,a,e,h,t,o
f,h,t,r,o,c,n,i,m
c,g,f,n,o,r,e,c,n
e,i,e,o,c,n,s,n,n
a,t,i,t,p,o,n,l,e
