k,d,I,e,c,c,e,h,
d,o,a,u,n,r,t,o,
I,a,s,i,f,e,w,e,
g,a,s,i,n,b,w,e,
b,t,t,e,d,c,u,h,
o,w,t,r,o,h,m,e,
i,i,a,e,f,s,n,d,
m,t,t,y,e,e,p,l,
c,u,y,d,I,a,o,n,
e,r,l,t,h,d,a,n,
i,g,a,t,h,n,n,y,
d,s,o,s,i,u,e,t,
k,d,o,u,c,I,e,d,
o,n,d,n,t,o,i,w,
t,e,s,c,t,p,h,e,
s,d,u,e,r,n,i,d,
e,a,e,t,h,o,t,f,
e,o,b,T,h,l,t,e,
i,h,p,s,h,w,g,a,
i,h,l,o,l,y,s,p,
h,g,e,i,t,d,a,w,
u,s,r,e,f,a,l,c,
o,h,l,e,t,o,t,p,
t,i,e,g,e,e,h,d,
n,a,c,n,i,k,g,e,
p,o,s,a,p,i,r,t,
t,e,a,e,d,c,h,h,
e,o,c,t,r,e,c,n,
h,r,l,n,T,u,e,m,
o,i,e,s,n,w,v,a,
m,c,s,l,e,i,e,b,
m,o,h,i,s,a,t,n,
s,t,s,g,e,u,t,g,
w,s,h,i,t,a,a,t,
i,g,a,t,h,n,n,y,
h,n,m,e,t,o,a,r,
e,r,i,p,p,t,a,a,
e,g,e,o,b,d,a,t,
o,k,r,d,w,a,r,n,
a,t,t,l,e,a,t,b,
t,e,h,e,n,e,r,c,
a,d,o,g,r,f,n,a,
o,r,c,t,r,o,l,n,
u,h,o,I,p,o,s,m,
e,a,e,o,k,d,d,p,
t,n,n,i,s,d,e,l,
a,o,e,o,r,d,n,f,
e,h,t,r,m,h,c,e,
b,t,a,s,m,n,u,i,
w,s,t,r,e,h,a,e,
n,m,n,h,i,o,g,t,
i,a,e,a,n,c,c,h,
I,o,l,a,t,t,c,h,
n,T,u,f,i,l,d,d,
c,e,h,h,i,e,k,t,
f,h,n,g,o,i,t,n,
n,t,e,p,a,t,d,o,
k,f,h,u,l,e,o,b,
l,m,t,c,o,h,u,e,
l,o,n,d,a,d,l,i,
f,r,w,o,m,r,o,o,
l,s,a,i,r,f,y,a,
n,i,u,t,a,b,t,s,
h,n,a,e,c,l,a,m,
o,g,i,t,h,s,u,m,
u,k,h,d,t,a,c,n,
n,h,e,p,i,d,t,u,
w,e,e,l,d,f,h,o,
t,p,r,h,e,e,o,t,
d,h,j,n,e,o,t,i,
m,t,e,l,u,c,n,o,
a,a,h,e,w,e,s,r,
m,t,s,l,l,m,e,a,
t,b,a,l,a,l,e,p,
g,m,e,i,n,a,a,r,
m,r,a,r,s,k,a,e,
a,t,k,h,e,M,r,y,
e,t,s,p,p,k,d,i,
r,o,h,o,o,e,t,d,
a,o,t,S,h,h,d,e,
i,e,w,c,h,A,v,r,
e,a,c,r,i,a,d,r,
a,p,s,i,l,i,r,m,
n,c,l,e,i,a,s,t,
w,t,r,e,d,i,i,b,
r,d,h,e,t,t,a,h,
o,J,e,r,k,m,f,a,
n,t,o,T,a,h,n,n,
k,m,h,o,c,e,s,l,
o,a,i,w,h,t,m,h,
t,r,n,a,c,u,u,f,
s,c,e,h,e,d,e,t,
s,s,u,t,y,r,y,i,
t,e,t,o,n,e,h,m,
n,e,e,r,a,n,c,t,
k,d,I,o,o,t,e,l,
e,a,l,e,h,i,h,k,
m,d,d,s,o,a,a,l,
t,b,e,i,s,t,a,h,
a,n,l,e,w,e,s,H,
r,i,o,f,u,t,n,a,
a,e,t,e,m,u,k,r,
h,r,r,d,t,a,e,n,
d,n,e,u,l,c,o,o,
n,r,l,e,o,y,e,b,
h,h,e,o,n,a,e,s,
e,h,a,a,d,d,t,m,
I,m,i,n,e,s,t,o,
p,r,u,b,e,s,a,t,
o,k,t,a,l,o,c,f,
n,s,m,h,a,e,i,c,
s,h,m,w,a,H,t,e,
i,g,e,a,d,l,n,e,
a,e,s,e,m,a,k,f,
c,o,r,V,i,i,t,n,
o,d,r,n,L,i,n,a,
i,B,o,n,d,n,f,a,
a,f,l,k,h,a,d,c,
e,e,e,t,h,l,n,t,
h,m,e,o,r,d,i,f,
l,a,t,u,i,o,d,b,
n,h,s,e,i,a,t,f,
t,f,e,a,r,h,o,e,
a,o,t,S,h,h,d,e,
i,e,w,c,h,A,v,r,
l,o,i,o,u,t,d,c,
b,c,n,b,e,l,e,y,
h,r,a,e,t,u,e,s,
s,c,e,r,e,w,e,e,
h,t,r,s,t,e,a,t,
o,d,w,e,t,e,o,r,
e,f,a,e,v,r,n,k,
s,c,o,h,e,r,e,t,
o,t,u,t,y,r,f,i,
h,v,h,r,c,e,i,A,
l,M,e,s,e,i,f,t,
h,s,a,e,t,y,i,b,
t,y,i,h,a,s,m,w,
k,r,a,a,c,t,e,t,
a,l,w,r,e,a,l,s,
r,n,y,t,e,a,a,f,
t,e,d,s,o,i,h,f,
t,u,y,d,s,h,r,a,
t,o,c,a,y,k,o,w,
s,o,s,n,I,o,h,o,
a,k,u,t,h,l,n,d,
e,l,t,m,r,h,a,e,
h,u,l,i,t,y,o,w,
h,n,t,a,c,m,i,y,
I,o,g,a,d,h,w,e,
v,b,u,h,a,l,e,d,
l,k,e,u,n,e,i,n,
d,s,e,t,o,l,i,y,
T,n,c,e,r,o,a,v,
h,n,n,e,c,s,a,m,
t,h,i,b,u,s,t,m,
u,h,a,h,o,t,g,t,
n,e,t,m,i,r,d,e,
a,s,d,I,w,m,s,e,
u,n,t,l,v,i,l,l,
e,o,e,b,l,r,d,a,
h,s,w,n,t,n,e,i,
s,d,h,o,w,a,I,d,
h,n,i,t,t,d,i,n,
e,a,k,e,r,t,w,h,
n,e,s,y,o,a,e,n,
o,n,l,a,r,s,u,e,
c,u,d,t,I,b,o,u,
e,u,l,t,b,d,s,n,
I,e,r,n,d,e,n,a,
a,k,e,d,b,d,c,e,
i,n,u,n,t,p,l,U,
r,h,o,h,e,w,e,t,
e,n,a,t,b,d,e,n,
h,o,e,u,g,n,t,o,
r,y,g,H,a,e,r,t,
v,d,i,o,l,n,e,v,
s,d,i,h,i,n,a,t,
r,I,v,t,u,e,e,n,
w,s,s,l,l,t,a,i,
t,i,n,e,r,t,a,c,
h,w,n,a,t,t,e,h,
e,l,o,d,b,u,a,l,
t,h,l,e,d,o,o,w,
t,s,e,o,u,l,a,p,
t,e,I,s,n,w,r,a,
u,e,a,y,s,l,r,l,
a,i,t,t,n,h,t,a,
e,u,o,l,s,n,c,a,
a,i,r,y,w,i,s,t,
e,b,n,l,v,v,d,o,
s,b,u,w,a,t,a,I,
e,y,s,u,t,o,l,l,
i,h,c,t,a,e,n,r,
d,a,e,u,l,w,w,o,
e,t,n,o,s,t,e,t,
e,d,h,I,n,i,e,s,
e,o,e,o,g,d,t,t,
e,y,u,a,f,t,l,s,
m,b,a,c,o,n,e,d,
t,a,a,w,i,c,h,k,
o,e,t,m,s,e,w,a,
p,o,c,l,d,o,r,u,
e,p,p,l,y,e,x,r,
h,A,l,e,t,o,e,r,
e,n,r,i,v,c,a,h,
o,t,d,n,d,f,u,i,
h,T,w,t,t,h,e,a,
f,s,a,s,a,n,e,n,
B,f,t,e,d,o,e,r,
e,t,o,I,l,r,f,e,
o,e,I,o,k,t,n,o,
o,k,m,e,l,o,o,r,
d,a,a,u,n,r,g,o,
n,t,t,r,i,h,g,e,
p,p,h,e,w,e,a,f,
a,w,e,t,h,r,t,s,
f,a,e,l,e,r,t,e,
t,n,n,u,t,d,i,p,
o,e,g,e,c,t,d,h,
e,u,b,k,s,o,c,o,
n,o,r,y,i,e,t,l,
e,o,a,c,k,p,t,o,
c,p,f,b,a,m,k,y,
t,l,a,I,s,c,i,k,
d,t,l,u,l,c,n,o,
v,t,b,i,e,e,e,l,
a,t,h,m,y,a,t,t,
s,a,a,e,r,c,h,k,
i,b,d,f,t,l,t,e,
b,t,e,n,d,h,u,i,
p,t,p,h,a,e,s,r,
s,e,h,m,i,e,s,y,
t,e,d,i,n,i,h,t,
i,t,g,o,m,l,n,o,
x,i,h,r,e,e,c,i,
t,o,t,e,n,e,t,m,
r,h,g,h,e,a,t,t,
r,m,e,v,e,g,n,o,
p,r,e,p,a,n,e,t,
h,h,s,i,c,w,t,h,
f,u,e,a,d,y,o,h,
o,h,n,f,n,d,t,I,
s,c,i,e,l,n,e,g,
t,f,a,o,u,m,o,e,
w,s,t,s,I,h,a,i,
i,t,c,t,a,e,n,r,
e,o,h,t,h,a,c,t,
k,a,d,o,o,e,w,b,
h,e,s,r,t,w,r,o,
I,a,a,n,g,d,h,i,
d,i,d,h,a,n,t,t,
n,p,m,o,i,e,s,t,
p,o,e,i,t,c,r,t,
b,t,p,l,y,e,u,r,
c,i,t,s,e,h,t,e,
h,V,o,n,t,n,e,o,
r,c,i,n,e,g,e,e,
l,o,i,e,r,p,o,h,
s,l,k,a,b,e,o,d,
f,s,u,l,y,t,a,e,
i,g,c,a,t,i,n,n,
