T,W,Y,F,S,D,Z,
S,L,O,E,B,Z,L,
T,X,U,K,N,Y,T,
J,C,U,Q,W,Z,V,
A,W,Q,N,O,F,Q,
N,A,J,Z,R,B,A,
F,C,H,N,W,H,G,
P,I,K,W,F,F,O,
J,Y,I,G,I,T,C,
O,D,M,I,I,V,T,
N,S,T,C,I,H,Z,
P,L,S,X,J,J,O,
V,U,H,D,K,Z,R,
Z,R,E,X,Y,X,W,
D,I,S,K,J,J,O,
Y,G,O,Q,I,A,C,
P,A,Y,S,Y,C,T,
R,D,H,V,F,K,V,
F,B,V,R,C,H,Y,
X,J,R,K,H,S,Y,
T,L,G,Z,F,R,J,
F,I,X,C,E,M,N,
E,A,D,H,I,K,B,
X,G,F,J,A,P,F,
N,S,M,O,L,Y,J,
Q,S,B,N,S,D,L,
W,I,I,F,Y,A,X,
K,R,M,D,L,I,P,
E,K,D,C,V,I,S,
J,R,C,M,J,I,L,
L,W,F,S,G,I,X,
O,O,P,C,R,F,D,
P,U,R,P,O,T,G,
J,U,L,M,U,S,A,
K,R,Y,G,U,V,K,
H,I,D,C,Q,N,M,
Q,I,N,E,L,N,N,
W,P,B,W,Y,F,D,
Y,G,D,D,D,R,Q,
J,N,J,J,X,F,B,
V,E,F,S,K,Q,N,
Z,T,V,O,T,D,I,
D,X,I,Y,S,G,N,
E,N,D,D,K,S,B,
B,Z,Q,J,R,K,A,
R,Y,B,L,K,Y,V,
Z,Z,T,J,J,W,E,
B,V,D,Z,I,T,N,
F,I,H,V,V,G,W,
G,I,P,M,J,F,O,
J,J,D,T,Q,I,Y,
O,Q,Y,S,J,J,A,
N,C,V,E,A,E,D,
F,Z,D,R,O,A,D,
X,H,X,Z,N,S,E,
C,V,N,N,N,D,O,
O,T,J,B,F,N,D,
V,N,Y,F,C,P,J,
E,A,W,C,H,I,F,
G,Y,A,L,D,W,Q,
A,Z,S,I,Y,U,D,
D,J,V,P,U,V,J,
B,V,X,C,U,O,A,
J,R,I,M,B,G,V,
L,E,E,A,H,W,J,
I,T,K,J,A,O,W,
K,N,H,I,K,K,E,
T,T,J,N,X,Y,X,
N,D,H,Z,C,F,R,
B,N,E,V,X,P,Z,
T,F,Q,K,S,J,P,
S,N,C,X,B,A,K,
G,D,Y,S,N,O,O,
J,X,H,R,W,E,R,
Y,C,J,A,O,N,L,
I,U,D,T,R,V,E,
K,L,N,O,W,V,L,
P,I,N,W,F,N,S,
U,H,M,T,I,P,Y,
W,C,K,K,I,R,L,
A,W,U,Q,Z,Z,T,
T,K,Q,J,O,T,R,
S,B,I,O,G,S,I,
U,Q,M,M,N,Q,L,
H,Y,A,W,S,N,O,
H,M,O,W,X,W,B,
C,G,Z,H,F,O,D,
H,Z,D,L,K,Y,L,
C,F,I,A,Z,H,I,
S,E,H,F,W,D,D,
S,K,E,Y,W,C,Z,
T,Q,K,J,H,Y,D,
S,N,N,U,E,F,F,
H,Z,B,D,J,S,X,
N,N,F,Z,A,L,S,
F,W,T,R,F,E,V,
S,B,F,D,N,V,N,
U,S,E,C,P,Z,J,
M,V,P,K,A,N,O,
N,N,J,H,E,A,H,
X,P,J,T,F,N,J,
F,Q,F,P,T,E,U,
T,K,V,E,G,J,I,
V,T,J,K,K,F,Y,
Y,X,G,B,E,P,N,
F,V,Z,Y,B,J,O,
F,R,T,F,W,Y,F,
C,D,E,X,E,Y,G,
H,N,W,W,F,J,T,
D,K,Z,Y,C,Z,O,
H,P,Y,J,J,R,R,
C,J,X,C,D,I,R,
H,O,P,Z,B,H,X,
Z,N,J,H,B,P,R,
C,Q,Z,S,R,M,Z,
X,O,D,I,S,K,T,
Y,G,J,X,G,E,G,
C,U,L,F,F,V,A,
W,R,J,N,N,V,T,
H,W,Z,F,T,I,Q,
D,A,C,A,G,F,K,
C,J,W,T,B,Y,I,
Y,S,V,Z,G,Z,I,
P,Y,E,N,Y,U,C,
Z,F,D,M,E,R,D,
I,C,D,O,D,I,S,
Z,W,A,K,B,G,H,
J,R,K,P,E,A,F,
O,Z,Y,J,G,D,T,
N,Y,J,O,C,B,W,
Q,Y,Q,R,V,J,L,
S,F,L,F,Y,L,Y,
Y,Y,Y,Y,F,I,R,
F,H,R,W,B,A,P,
D,Y,A,N,L,P,U,
K,I,R,K,N,G,O,
Y,N,D,G,J,R,S,
F,S,Z,F,S,D,V,
O,T,N,I,U,C,M,
J,S,U,V,F,C,K,
T,T,P,Z,Q,H,Z,
S,H,K,A,T,P,K,
X,T,Z,S,R,D,P,
G,Q,D,R,K,F,T,
A,C,F,N,J,N,Q,
T,U,I,P,C,F,N,
Z,S,H,Z,I,P,I,
W,G,F,Z,S,N,M,
I,J,S,W,F,D,J,
I,Y,U,S,V,O,A,
Z,I,D,D,I,W,T,
K,S,B,A,D,U,R,
M,P,M,I,Q,V,Q,
Z,D,J,A,F,V,P,
W,G,O,R,Q,B,G,
E,G,M,J,X,D,N,
X,D,U,Q,G,X,P,
F,C,D,O,M,F,J,
P,F,B,G,G,V,O,
V,P,E,F,N,A,N,
Z,Q,F,O,H,O,A,
T,W,T,J,R,P,O,
K,Y,D,V,I,K,M,
G,J,B,I,I,M,J,
A,K,E,I,Z,Y,V,
O,K,V,V,O,F,R,
M,T,R,K,G,T,G,
K,Q,A,D,E,D,A,
H,C,I,C,V,J,S,
T,Y,C,U,Z,Z,S,
R,I,U,D,N,V,P,
I,G,F,C,A,Z,U,
I,Y,U,Y,N,A,R,
D,F,D,Q,T,T,R,
Z,Z,J,S,F,X,Z,
J,C,Y,Y,J,K,O,
L,H,O,A,O,T,Z,
L,J,N,D,J,G,F,
A,V,P,D,J,R,S,
T,N,J,Q,V,C,R,
O,P,I,A,Z,S,A,
W,F,H,S,W,G,L,
W,W,P,G,U,J,O,
H,H,V,J,L,Y,R,
X,D,Z,E,E,O,X,
F,C,J,K,A,J,S,
P,J,E,M,P,M,Y,
L,V,K,K,V,S,Y,
S,B,I,G,U,W,Q,
D,W,P,R,J,H,S,
Q,H,N,F,O,T,Y,
L,D,C,Z,N,J,U,
R,X,J,X,J,C,K,
Z,K,B,R,C,N,R,
Z,T,D,K,V,V,G,
K,S,Q,J,M,Q,D,
Q,W,T,F,V,N,O,
S,Z,Q,G,Q,Z,R,
R,S,N,D,G,N,Z,
I,O,P,R,D,G,D,
P,C,A,A,C,F,X,
J,T,Y,P,J,R,E,
Z,Q,E,G,D,W,P,
J,X,F,R,Z,O,O,
E,J,S,J,X,P,T,
X,G,T,A,R,D,H,
N,Y,F,I,W,B,J,
X,H,D,Y,C,W,O,
G,F,R,N,Z,Q,G,
N,Y,E,O,J,I,D,
I,I,T,V,S,Y,N,
S,N,B,D,D,D,B,
R,Z,B,F,J,S,F,
M,Y,U,I,Q,Y,Q,
P,J,D,H,K,F,O,
Y,W,R,F,F,C,G,
M,I,A,N,U,C,J,
F,V,K,B,S,O,S,
E,N,X,D,R,P,G,
G,F,N,J,A,Y,D,
B,K,H,D,T,U,I,
D,F,F,N,Y,O,G,
X,P,I,P,R,Z,F,
K,U,H,I,W,P,T,
H,I,F,W,F,G,Q,
R,Y,S,U,T,F,K,
W,N,U,V,J,V,P,
I,O,D,O,F,N,S,
K,I,B,G,C,G,X,
H,F,L,W,Z,N,K,
C,J,A,O,J,C,K,
T,E,C,R,V,H,M,
Z,N,Y,F,R,T,Q,
O,P,U,U,L,J,B,
R,J,O,F,C,W,T,
W,B,D,V,K,W,D,
O,F,X,I,R,C,L,
B,I,R,D,D,I,C,
F,Q,F,Q,Z,M,N,
I,G,D,U,L,I,B,
I,U,R,V,Y,V,J,
G,O,F,X,R,K,Q,
Q,W,T,F,Y,H,D,
N,U,V,P,M,U,A,
K,N,A,Z,F,I,I,
T,W,G,K,E,E,B,
I,Y,Y,X,X,D,K,
I,J,Z,S,E,M,H,
P,D,A,P,L,F,K,
P,B,S,J,C,Z,T,
M,D,X,S,Z,J,Z,
Y,I,F,I,A,O,K,
F,P,A,K,D,J,M,
U,N,C,P,R,F,Z,
X,F,H,J,A,O,J,
J,B,F,C,G,E,E,
I,Y,U,P,O,W,K,
V,F,C,D,N,Z,G,
Z,N,Y,X,T,Y,A,
A,G,I,K,Y,X,I,
S,J,Z,V,Y,P,K,
W,Z,H,E,H,J,O,
H,D,F,B,P,Z,D,
N,K,E,N,Y,H,R,
X,T,X,A,S,X,E,
N,E,D,B,E,O,O,
X,L,A,Y,I,R,M,
S,Y,O,W,W,N,Y,
X,R,S,K,M,X,F,
F,N,P,R,T,U,Z,
P,B,H,I,O,D,X,
M,F,C,X,W,I,R,
K,E,H,Y,E,V,K,
Q,I,D,I,V,G,J,
V,N,P,Z,R,D,N,
V,J,U,I,A,O,P,
A,W,D,L,A,N,J,
N,F,J,Y,S,U,O,
S,T,I,D,R,J,N,
U,Q,V,X,M,O,A,
U,Y,C,I,D,N,O,
T,M,N,F,R,A,M,
L,G,B,E,Q,O,J,
Y,Y,F,I,D,N,V,
F,U,L,G,X,H,R,
M,W,C,D,K,Z,G,
K,I,V,X,D,P,Z,
E,K,O,Z,A,N,Z,
V,G,I,A,I,I,G,
Q,Z,K,S,Y,M,F,
X,C,H,H,J,K,Y,
P,W,I,G,Y,X,I,
J,D,I,A,F,D,V,
E,J,V,Z,G,B,T,
D,L,I,Z,D,N,O,
J,J,N,A,Q,Z,H,
L,Z,N,S,Z,D,F,
J,N,P,I,K,K,J,
Z,B,A,W,M,U,O,
V,W,X,D,Z,R,G,
L,K,J,M,D,W,D,
W,K,G,C,E,A,C,
I,F,C,W,X,M,Z,
W,K,W,I,R,G,H,
M,J,Q,B,Z,C,T,
D,R,S,R,N,E,G,
C,Z,V,Z,K,W,A,
F,T,R,Y,T,D,T,
P,J,K,Y,E,N,S,
Q,N,Z,Z,W,D,U,
G,L,N,Z,A,P,H,
J,S,P,C,T,V,C,
Z,L,B,E,S,V,W,
D,U,C,D,U,E,B,
K,R,Y,S,D,L,G,
T,C,J,L,B,A,Y,
E,E,S,U,Q,F,H,
L,P,U,R,N,H,F,
Y,G,D,L,P,N,Z,
R,K,I,E,N,U,C,
N,U,I,N,N,R,Y,
B,J,G,S,P,L,D,
F,I,X,S,A,Y,M,
T,H,V,M,D,D,N,
V,F,F,U,F,X,C,
M,Y,N,R,P,K,K,
G,Y,D,J,H,D,X,
C,F,D,D,C,I,N,
H,V,E,A,H,G,J,
F,R,T,K,T,F,Y,
T,P,J,Q,F,T,Z,
D,T,M,I,V,Q,M,
K,G,H,C,P,K,S,
P,K,V,Z,Y,U,W,
G,J,E,P,Z,V,E,
R,E,N,M,M,Y,D,
D,X,N,R,S,Y,C,
Q,F,Y,Z,W,J,U,
W,P,U,Z,E,O,O,
E,K,P,C,D,Y,D,
O,Y,V,Y,C,U,V,
I,J,X,N,U,T,N,
T,L,H,O,Q,N,N,
D,W,P,C,T,N,N,
I,A,G,M,V,L,R,
H,P,D,S,A,X,Z,
J,M,W,B,D,C,J,
Q,F,E,G,S,U,C,
G,Z,X,Z,J,R,A,
K,T,F,Z,W,W,G,
H,P,P,Z,E,O,O,
Q,M,I,A,X,P,K,
C,K,Z,D,H,A,X,
Y,G,W,D,K,K,S,
F,R,H,V,G,E,R,
G,F,L,P,Z,V,A,
K,Z,V,Z,A,Q,F,
D,X,X,Z,S,N,G,
I,R,C,W,C,V,K,
R,K,U,G,D,J,D,
N,J,U,Y,D,F,U,
J,N,R,N,D,B,L,
W,U,I,F,F,E,Y,
Y,D,X,N,N,W,R,
W,D,T,N,S,E,N,
C,E,V,W,C,M,F,
W,O,W,E,P,G,U,
Y,M,J,D,Z,C,R,
I,T,E,R,O,E,I,
G,J,K,Z,M,W,P,
D,Q,I,N,W,C,T,
H,I,P,B,J,Z,M,
D,I,N,F,L,P,W,
D,D,C,R,G,M,U,
J,X,J,C,D,C,X,
Q,C,B,D,C,U,C,
C,U,D,F,F,D,H,
Z,V,J,O,P,C,X,
H,X,Q,G,Q,Y,Z,
T,F,X,A,W,F,G,
G,P,N,D,Y,Y,D,
A,M,H,G,J,W,I,
T,R,I,F,N,D,X,
Q,F,I,T,F,E,F,
N,J,M,J,C,W,T,
U,X,A,Z,S,E,V,
D,N,P,V,R,T,L,
I,A,N,I,N,Z,D,
E,V,U,R,Q,K,Z,
T,J,C,R,C,U,X,
N,W,I,Q,Z,R,G,
C,E,Y,T,G,I,X,
M,G,D,F,I,N,S,
Q,N,N,V,C,D,U,
C,A,F,X,X,T,F,
M,J,U,L,T,T,Z,
K,N,R,V,J,W,C,
J,P,I,X,W,B,D,
Z,A,G,O,J,C,X,
D,X,A,A,U,Q,Z,
D,F,D,E,I,C,J,
R,P,B,K,U,S,D,
E,M,J,D,Z,L,K,
I,K,L,N,S,U,D,
A,E,I,D,G,R,N,
Y,I,Y,X,M,W,N,
J,Y,K,K,S,A,S,
S,R,J,Q,B,Z,U,
J,D,K,K,Q,Y,H,
E,I,U,R,P,T,D,
O,K,R,I,S,F,B,
I,P,I,A,L,X,N,
T,J,V,S,U,W,A,
D,C,P,H,R,E,Y,
I,P,W,F,C,Z,I,
H,M,V,J,E,S,M,
J,G,D,O,P,Z,S,
Q,C,E,N,Z,E,I,
N,E,Y,I,K,B,X,
B,W,X,M,M,I,M,
F,W,M,J,D,G,Y,
Z,E,O,A,F,A,Y,
Y,D,Y,D,N,P,T,
H,X,W,Z,A,U,T,
A,K,H,N,Y,U,D,
O,G,Y,Q,Z,D,E,
U,D,Y,P,J,P,Y,
U,V,K,Y,V,A,O,
T,E,W,U,R,G,U,
D,D,L,R,E,O,U,
E,X,J,I,G,C,J,
P,K,Z,H,O,T,C,
N,D,L,O,B,Z,A,
W,U,G,J,D,O,G,
W,C,X,E,U,R,O,
H,P,M,F,T,W,S,
X,D,K,I,G,O,L,
F,X,E,K,A,G,A,
P,K,V,H,N,D,C,
Y,D,V,K,N,Q,O,
Y,I,I,P,E,Y,P,
E,G,F,U,K,Y,M,
R,F,I,O,P,N,U,
L,T,C,J,G,S,N,
O,Q,J,O,A,H,S,
P,K,E,J,V,F,R,
Y,N,X,F,S,I,A,
U,K,G,O,E,I,I,
O,D,T,M,Z,I,J,
I,A,J,W,I,D,E,
I,G,K,L,E,X,B,
M,Y,O,I,F,K,S,
K,H,Y,H,Z,H,J,
I,F,H,Z,S,S,N,
T,S,X,I,T,D,P,
F,S,P,K,D,Z,G,
E,R,I,P,R,P,G,
B,F,I,J,Q,D,F,
G,N,F,Q,D,N,R,
D,K,I,R,X,D,W,
C,O,D,Z,K,B,O,
F,Y,J,C,Q,L,P,
P,Y,Q,W,S,E,J,
Q,A,N,U,V,P,F,
W,I,B,I,R,Z,W,
E,J,F,L,K,N,F,
D,K,H,N,Z,P,X,
S,P,C,F,F,Y,R,
Z,J,H,H,G,P,K,
A,L,P,B,J,G,J,
S,H,C,J,O,N,I,
Y,P,M,Z,N,F,V,
E,A,P,O,M,T,J,
P,F,Q,F,P,D,X,
S,Y,I,I,R,D,J,
Y,V,M,Z,I,P,A,
O,J,A,B,T,L,O,
D,I,O,J,V,A,J,
D,K,Z,J,R,C,W,
Z,D,D,O,I,I,C,
K,S,I,N,J,F,Q,
V,N,H,A,C,I,N,
C,S,E,N,P,H,Z,
M,R,J,F,U,G,Z,
V,A,O,C,F,Z,Z,
J,F,V,S,G,Z,A,
A,W,D,I,X,V,T,
G,Y,I,Y,F,W,X,
S,W,X,M,C,B,A,
W,C,X,O,P,L,G,
F,X,P,U,Q,A,O,
T,F,J,F,G,T,W,
D,I,Z,H,H,D,A,
E,N,H,L,T,C,T,
P,V,K,M,V,M,B,
N,F,K,T,K,T,J,
W,I,Q,Y,H,K,L,
U,L,P,Y,U,R,Y,
R,J,V,J,L,D,Y,
I,J,Z,S,E,Y,E,
E,C,U,D,A,Z,R,
G,W,R,J,P,J,L,
Y,N,W,Q,V,V,O,
E,D,A,N,U,R,P,
W,D,D,B,D,K,Y,
X,E,X,F,R,G,U,
W,T,K,D,Q,C,O,
H,J,F,R,D,R,T,
N,M,M,A,X,F,P,
X,B,L,P,K,J,V,
N,D,E,G,D,O,T,
X,X,D,R,B,N,N,
S,F,O,J,P,A,W,
L,Z,U,A,R,O,P,
E,S,E,I,I,C,S,
I,N,S,Y,J,T,X,
J,P,C,N,J,S,K,
N,U,P,O,F,R,K,
P,I,D,E,Y,J,M,
U,W,X,D,Y,A,Q,
I,Q,K,J,R,O,H,
Z,C,D,W,X,J,Q,
P,R,I,G,Z,W,O,
J,F,G,Z,N,I,J,
E,J,F,Z,P,B,O,
F,C,T,C,A,E,G,
E,A,Q,P,F,K,E,
X,P,K,T,N,W,C,
R,G,B,P,D,B,S,
Z,R,R,B,H,J,E,
N,V,L,F,K,A,J,
K,Q,V,C,F,O,O,
M,E,P,W,E,N,J,
B,F,S,Q,X,A,E,
L,I,L,I,F,D,V,
Q,N,G,C,P,Y,F,
P,N,D,I,N,J,L,
J,U,G,O,B,C,A,
J,Z,R,D,T,I,F,
F,C,I,K,S,E,Z,
T,Y,G,O,I,M,F,
K,D,R,Y,N,O,E,
N,Y,Z,H,Y,N,K,
Z,N,U,L,K,P,Q,
D,P,I,X,K,A,N,
D,S,Y,Y,T,W,Z,
H,B,T,J,V,D,N,
S,J,O,L,V,D,W,
X,O,E,Q,E,X,D,
D,M,B,C,T,F,E,
S,N,T,Z,W,T,W,
A,P,D,P,B,D,V,
D,L,U,M,F,D,C,
U,I,Z,C,R,N,V,
R,E,S,U,W,J,K,
I,D,G,D,I,A,O,
Z,C,P,Z,A,D,Z,
A,M,J,N,O,U,P,
C,D,C,F,W,R,G,
H,J,G,J,U,I,F,
D,L,F,F,I,G,V,
J,J,I,B,L,A,N,
I,Z,C,Z,M,D,G,
E,V,M,C,D,B,D,
P,N,B,X,O,J,I,
D,P,R,S,E,L,I,
Y,J,D,G,A,I,I,
F,C,Y,K,D,A,J,
J,L,A,U,Q,G,E,
W,X,K,S,E,O,J,
H,Y,T,P,P,C,H,
C,J,V,B,G,E,R,
N,L,J,J,L,J,N,
F,Q,X,C,U,L,N,
A,O,P,W,V,O,O,
S,J,I,U,I,T,W,
V,L,I,T,Y,V,H,
X,N,F,R,R,Z,T,
I,B,I,M,Y,H,V,
E,D,D,P,M,J,B,
K,J,J,Z,J,O,J,
H,O,Q,Z,E,N,O,
J,N,N,A,K,C,W,
H,L,B,S,K,H,U,
S,Y,F,Q,T,F,I,
O,W,D,E,N,T,C,
O,T,R,P,B,W,B,
K,S,A,G,U,I,P,
P,P,P,H,R,I,Z,
L,G,G,F,I,L,C,
L,D,R,Q,X,C,P,
M,O,J,W,I,Z,U,
D,E,A,Y,E,A,L,
S,U,I,J,F,X,A,
Y,V,Y,X,T,I,F,
J,K,N,K,F,H,Y,
T,H,O,H,C,P,W,
L,P,J,S,K,J,H,
Y,T,W,I,P,F,S,
D,C,C,X,M,U,X,
X,P,Q,F,W,T,E,
K,U,D,N,J,F,J,
M,X,Z,F,E,J,C,
T,F,C,A,X,W,W,
X,I,Z,T,F,O,Q,
N,N,Z,Z,T,T,V,
P,B,D,N,V,V,D,
C,F,R,M,G,I,N,
M,I,V,O,D,B,J,
A,I,K,J,N,N,S,
J,A,J,W,O,A,L,
I,O,E,C,R,Y,U,
N,M,W,I,F,U,R,
Z,U,E,G,M,O,L,
N,F,L,Z,K,D,E,
B,U,Y,Y,E,X,A,
E,J,S,R,V,R,O,
S,H,Y,N,V,F,V,
R,K,Y,V,I,L,W,
A,I,U,D,L,S,I,
O,I,D,A,S,J,X,
M,W,G,P,S,J,E,
D,Q,D,J,M,I,G,
J,X,X,Z,U,Z,S,
J,J,Y,J,O,A,S,
E,Z,Y,I,G,S,M,
G,I,U,I,W,I,U,
F,C,R,V,O,D,W,
O,H,I,C,I,Y,V,
W,Q,N,W,F,P,F,
U,W,F,Y,S,N,S,
T,M,N,F,R,D,Y,
F,G,C,S,H,X,F,
V,P,C,W,P,C,C,
T,W,B,Q,B,U,W,
V,F,L,P,C,J,R,
B,J,E,J,T,O,Z,
F,X,G,Z,U,R,D,
U,E,I,H,I,F,R,
X,D,K,S,I,X,D,
J,S,P,X,I,C,Q,
N,Z,J,A,V,O,D,
S,D,C,T,C,Y,R,
U,W,P,J,H,I,Q,
O,I,G,M,D,M,C,
K,D,O,A,K,K,K,
G,S,C,D,Y,I,O,
A,M,O,D,T,K,H,
F,K,G,J,W,D,C,
P,H,Y,L,N,E,H,
Y,D,G,J,E,C,I,
X,B,A,V,T,A,K,
S,N,N,W,R,G,K,
L,Z,K,B,A,O,T,
V,D,T,L,F,Y,D,
X,K,Q,A,P,U,C,
Y,J,L,T,J,V,I,
U,E,Y,D,E,C,K,
E,P,F,C,S,V,W,
S,J,D,M,D,K,C,
W,Z,F,T,E,W,U,
Y,Z,U,R,I,Z,B,
J,F,B,I,J,A,I,
N,P,W,J,E,S,G,
F,R,Y,C,U,R,F,
E,L,J,V,R,N,N,
T,E,T,M,I,D,W,
V,T,C,V,E,H,F,
H,I,T,Q,O,F,L,
C,T,U,G,A,T,I,
S,F,E,D,Z,W,Y,
S,U,G,C,M,X,D,
U,L,F,J,S,F,T,
Z,G,Y,I,X,P,L,
C,D,Y,V,B,G,J,
O,O,F,W,K,F,L,
P,L,B,V,W,E,I,
M,D,W,F,B,T,B,
Z,C,A,H,J,P,P,
O,L,T,N,Q,Q,Y,
D,V,Q,U,Q,A,Y,
T,C,K,R,N,S,H,
V,H,M,X,D,S,X,
K,K,N,F,X,Q,I,
I,T,C,P,F,Q,K,
C,S,Z,N,O,D,K,
U,R,P,C,Q,D,P,
D,J,J,E,Q,S,R,
G,D,W,D,G,K,O,
G,H,F,X,C,F,I,
N,K,Z,E,H,T,I,
N,D,V,O,K,J,M,
N,B,N,K,M,I,K,
W,X,D,V,B,I,I,
E,F,K,W,O,M,T,
D,C,Y,I,G,T,F,
I,N,F,X,W,Z,E,
P,B,Q,J,O,A,B,
V,W,Y,Q,G,S,G,
N,K,X,N,W,W,S,
I,K,I,B,E,H,P,
E,F,A,F,O,N,I,
I,G,R,F,R,X,M,
I,O,Z,W,Y,N,D,
D,B,Y,V,W,X,G,
S,D,I,I,Y,S,G,
L,U,M,D,J,E,D,
V,F,I,K,S,N,C,
I,N,P,O,R,A,F,
X,P,W,K,I,O,P,
F,J,F,V,F,V,U,
P,C,J,R,C,D,W,
M,T,O,Z,U,I,A,
Z,S,N,B,A,X,P,
A,P,S,Z,D,R,S,
S,G,S,A,K,N,L,
L,D,R,D,F,P,U,
Y,C,J,D,R,R,X,
D,H,Z,Z,S,D,C,
O,F,I,P,H,I,A,
Y,B,A,M,F,P,G,
F,H,G,N,I,B,S,
Q,E,O,W,R,I,S,
X,O,T,U,X,D,H,
E,D,H,F,P,Z,T,
K,J,S,V,J,J,R,
W,F,P,I,Z,L,I,
B,Q,O,D,U,I,I,
F,D,P,Q,R,R,J,
I,P,V,B,I,Z,E,
Q,O,G,T,E,N,U,
G,G,F,D,V,B,X,
U,J,I,P,C,F,I,
O,T,I,K,R,Y,Y,
W,D,G,D,G,W,D,
U,Q,L,S,K,V,T,
N,R,Y,H,P,V,L,
D,Z,Y,Q,K,Y,J,
Q,Y,F,I,I,U,L,
K,R,J,I,T,H,I,
Q,J,O,X,N,J,G,
K,E,G,Y,P,W,D,
T,X,D,Y,X,A,O,
E,F,V,I,O,P,C,
Q,P,F,S,R,V,T,
N,P,N,P,N,C,B,
Z,U,S,B,X,U,L,
N,J,X,K,B,J,N,
G,J,F,J,F,O,F,
A,I,T,E,C,N,N,
D,I,J,F,W,P,N,
P,F,M,Q,Y,J,P,
N,N,V,X,T,E,J,
S,C,E,G,K,W,O,
M,U,Y,M,S,H,N,
F,S,E,C,M,X,Y,
X,D,O,R,T,F,O,
D,G,Y,J,X,P,C,
B,Z,R,Q,N,J,P,
R,Z,B,L,J,N,J,
Z,J,T,Y,C,P,L,
B,W,D,R,U,S,X,
C,E,Q,M,U,X,P,
P,X,K,S,S,N,C,
S,N,C,H,V,P,Z,
P,Y,U,Q,Y,J,H,
N,K,I,L,I,Z,R,
Y,F,V,G,N,A,C,
O,T,R,Z,N,Z,D,
U,T,A,B,W,I,X,
U,V,G,K,E,Y,Z,
V,B,S,T,W,D,I,
J,A,S,C,V,P,F,
Z,O,I,W,N,Y,F,
X,J,R,Y,S,Z,V,
Y,W,X,I,U,T,N,
S,I,F,J,X,R,F,
H,B,P,E,S,I,O,
D,E,J,D,R,M,Y,
F,F,C,K,A,G,X,
V,P,N,D,T,C,S,
P,M,S,A,S,E,B,
Z,I,W,A,U,W,D,
K,S,Y,C,H,J,F,
P,D,J,C,J,J,C,
D,A,Y,P,C,N,U,
W,D,J,D,J,P,I,
L,X,U,Q,O,W,J,
T,C,D,Z,M,H,O,
G,U,Z,P,I,S,N,
N,R,R,M,F,B,G,
U,I,D,N,E,J,C,
N,F,C,D,I,Z,M,
L,I,K,B,P,N,A,
Y,Z,H,L,T,Y,S,
D,K,V,E,N,Z,D,
X,H,J,D,C,D,A,
K,J,A,O,U,R,F,
F,W,G,A,L,Q,O,
L,L,O,Q,I,D,J,
I,X,F,T,H,S,V,
Y,C,T,R,C,E,I,
D,W,A,E,G,J,L,
N,A,W,T,N,Q,A,
B,S,Y,S,U,V,C,
D,B,T,U,J,D,Y,
J,R,V,J,P,S,H,
L,Z,C,E,N,N,D,
A,Z,U,X,N,Y,D,
F,K,D,F,S,V,P,
Y,Q,C,P,W,Q,G,
J,S,Y,A,U,D,M,
U,R,L,C,D,R,G,
D,I,O,M,R,I,K,
Z,P,Y,W,V,J,J,
R,J,F,W,T,K,J,
D,Z,T,Y,Q,Y,E,
C,N,G,F,K,F,J,
K,S,V,M,H,W,O,
H,W,K,K,F,Y,G,
X,Y,V,I,V,F,E,
I,F,K,D,J,C,G,
H,J,M,C,Y,F,V,
P,F,N,Y,C,P,V,
Z,T,K,I,W,Y,X,
N,S,D,J,F,H,D,
H,G,I,E,U,E,X,
Z,J,M,W,X,K,K,
C,A,E,E,J,H,N,
O,Z,F,X,P,N,V,
P,F,U,F,V,P,D,
M,G,D,P,Z,A,A,
K,R,N,J,D,B,N,
O,L,N,K,Y,R,S,
Q,E,M,F,P,F,T,
G,P,K,U,R,D,Q,
G,I,U,X,F,F,I,
Z,V,J,J,X,T,C,
N,M,O,S,C,U,X,
E,V,N,M,P,W,T,
W,H,Z,F,S,X,V,
Z,X,Y,U,E,K,N,
Y,P,T,S,K,J,P,
X,J,F,G,I,M,A,
P,Z,Q,A,T,C,Q,
J,E,O,D,F,T,G,
Z,T,G,X,G,P,D,
D,R,J,K,X,U,O,
J,L,S,N,C,I,Y,
L,P,G,S,H,J,J,
J,W,D,B,V,U,T,
Z,F,I,R,C,D,P,
V,V,G,D,U,J,R,
Z,E,F,O,I,L,Q,
J,B,T,Y,Y,J,C,
B,F,Q,T,H,Z,Z,
P,K,K,T,E,Y,H,
N,H,O,R,O,R,R,
B,K,V,N,A,J,C,
C,X,I,I,Z,Q,D,
W,S,E,J,F,X,X,
U,V,Z,Z,I,E,Z,
Q,E,S,T,J,M,L,
J,P,Z,T,D,G,D,
H,Q,D,B,R,C,B,
K,K,F,N,O,E,P,
I,T,T,A,N,W,R,
Z,T,N,S,P,D,Z,
A,P,I,S,Q,N,N,
D,J,M,U,X,P,F,
D,Q,F,S,N,I,F,
E,N,P,D,I,W,E,
D,B,T,F,Z,U,I,
Y,F,R,P,F,V,X,
M,S,B,V,G,O,C,
F,S,K,K,X,G,X,
V,A,W,F,W,W,C,
J,I,L,C,H,O,P,
A,J,J,D,O,Y,U,
G,Z,Z,A,J,F,D,
O,O,L,K,L,J,
K,V,G,X,W,L,
H,G,X,C,I,H,
J,D,Z,X,X,P,
