n,i,f,r,i,l,t
i,t,n,e,g,a,h
t,e,i,l,b,d,r
e,i,n,o,a,t,f
o,s,n,e,o,u,r
m,e,i,s,e,s,i
r,p,i,p,n,a,i
c,l,o,g,a,a,b
l,f,l,o,u,t,w
o,l,y,m,i,n,g
i,d,s,s,c,u,s
n,o,s,h,w,i,t
i,l,y,a,f,p,i
a,h,v,a,r,i,o
c,e,s,o,m,e,t
e,e,t,t,h,a,t
c,e,l,i,a,h,s
s,a,s,l,t,c,a
r,g,o,y,t,e,r
t,f,t,g,y,i,n
t,o,u,s,r,n,a
i,n,o,m,r,e,e
m,e,o,r,f,b,h
t,e,e,l,e,d,t
a,g,i,s,i,o,n
b,s,o,i,t,h,r
y,k,a,n,n,s,u
d,e,e,c,s,n,a
s,a,y,n,r,y,p
p,a,h,c,r,o,a
o,t,s,a,u,c,h
n,i,d,d,i,n,i
v,a,r,l,i,u,k
s,i,n,g,s,s,l
l,a,u,o,i,n,g
i,r,n,t,t,e,n
n,o,s,u,a,i,d
n,d,r,e,m,n,n
i,o,r,u,e,s,i
b,a,t,y,l,i,t
a,o,d,o,a,p,t
p,r,l,s,a,u,s
n,c,e,r,c,e,i
y,v,r,e,s,e,h
t,y,s,a,i,n,g
l,p,a,i,y,f,a
o,p,i,o,n,r,s
t,t,h,t,o,u,e
s,d,v,i,i,n,u
d,i,f,o,a,l,s
e,t,n,e,h,a,v
t,i,t,n,l,l,i
e,l,e,u,n,f,e
c,y,a,w,a,n,h
t,y,e,r,e,y,a
h,t,e,o,r,e,t
e,r,s,a,e,p,t
n,o,n,i,t,p,f
o,e,a,w,v,i,t
d,n,s,e,h,e,b
o,t,f,m,t,h,e
l,t,e,t,a,a,t
s,l,s,i,t,o,n
e,t,h,t,b,u,h
y,e,i,l,a,v,e
t,t,l,t,e,a,u
r,o,i,h,t,h,t
y,j,n,u,i,e,r
o,f,c,i,o,f,l
a,i,h,t,s,o,n
o,e,t,h,h,e,r
d,n,h,a,a,a,e
v,m,s,o,t,l,o
t,l,o,c,t,a,r
t,n,e,f,o,l,o
e,v,n,h,t,s,t
s,y,e,e,t,e,h
t,g,n,e,d,a,i
a,i,c,s,n,d,s
s,u,i,w,i,o,n
h,t,o,n,n,e,a
h,t,e,d,r,o,n
a,h,i,e,r,t,e
s,o,s,r,n,i,d
n,a,i,e,m,o,r
p,m,o,n,r,t,a
y,l,t,t,h,t,y
e,k,t,e,h,a,r
e,o,d,r,e,c,t
f,o,e,e,h,e,m
i,t,n,t,g,a,f
t,r,h,l,e,e,e
d,g,t,a,e,e,h
s,e,e,r,a,v,r
u,t,o,t,n,e,d
h,t,e,o,i,r,h
s,e,i,t,t,m,s
i,a,r,t,e,h,o
c,t,a,h,r,d,e
b,t,s,e,c,o,m
h,t,e,l,r,e,a
y,t,w,n,e,i,o
d,t,e,n,e,o,t
d,e,h,t,o,b,e
r,e,e,v,o,r,e
t,n,o,w,k,n,o
a,h,t,s,w,w,s
a,i,w,d,e,a,e
n,o,l,n,e,d,o
t,y,w,w,k,n,o
a,h,t,b,h,a,s
n,e,r,r,e,e,o
c,e,a,d,s,d,h
t,r,t,u,e,t,n
a,h,r,e,d,w,h
p,e,o,b,s,s,i
t,e,o,p,s,l,a
h,t,a,h,t,e,r
t,h,n,i,u,t,r
u,o,i,t,b,e,s
t,n,e,t,r,e,s
h,t,i,e,s,s,b
i,i,v,e,e,l,o
t,a,e,n,b,e,i
t,n,n,y,r,e,l
w,e,s,t,t,r,a
y,g,i,e,n,e,h
t,o,l,r,d,w,f
o,p,o,l,d,i,c
a,m,i,d,y,a,n
m,a,p,s,l,e,a
t,d,o,b,b,e,a
e,e,o,t,d,l,v
e,o,i,p,e,l,i
w,t,e,h,t,h,t
e,h,l,s,p,o,f
h,c,a,t,d,u,s
i,n,u,g,i,i,h
s,f,i,r,e,d,d
n,e,f,y,p,l,a
i,a,r,m,i,s,a
o,n,f,n,c,a,n
u,n,a,g,n,i,i
d,j,y,o,e,n,r
o,w,w,g,k,i,n
t,i,h,n,h,i,m
h,w,e,a,r,o,h
e,t,i,h,s,s,u
c,i,g,n,n,n,e
e,b,e,r,n,m,o
f,e,f,i,e,c,t
t,e,h,n,a,v,i
n,i,s,s,t,h,a
r,g,f,y,t,e,t
r,o,n,a,h,e,m
g,a,e,t,m,e,n
t,f,h,i,e,o,e
r,h,t,s,a,c,t
d,e,i,t,m,e,a
g,n,n,a,l,e,x
e,d,r,n,f,r,a
o,j,s,o,e,z,g
f,c,a,h,k,r,v
o,d,n,a,a,n,a
r,d,e,m,s,s,y
t,t,o,e,a,g,r
e,t,r,n,m,e,o
s,u,s,s,i,r,s
a,v,l,o,i,n,m
e,v,n,i,e,n,t
h,t,e,k,b,a,l
s,n,a,h,n,a,t
d,r,w,e,a,e,a
s,a,r,l,r,e,k
s,i,t,t,t,h,a
e,h,y,l,w,o,u
n,u,i,n,t,d,a
e,f,g,i,h,d,t
t,o,t,n,o,c,l
o,r,r,t,o,u,r
d,a,e,t,r,o,u
w,s,i,u,t,e,s
h,h,i,h,g,c,l
h,e,i,l,e,v,o
v,n,e,m,l,v,e
t,n,i,e,n,t,h
s,i,c,i,u,d,s
s,n,i,s,t,o,a
w,l,a,e,s,c,h
t,r,w,e,a,t,w
u,o,l,v,d,h,a
i,l,t,t,t,e,e
l,n,h,o,o,o,e
p,i,f,n,o,f,e
u,l,g,n,n,c,i
h,t,e,n,p,r,i
p,i,a,n,l,c,a
s,s,w,o,e,d,e
d,d,d,e,c,i,f
o,t,w,o,o,l,l
h,t,e,y,p,l,a
i,a,r,a,s,f,r
t,e,y,g,a,t,p
p,i,g,n,l,y,r
a,c,p,l,e,f,u
e,r,s,e,s,u,r
t,o,h,n,e,t,u
j,o,m,r,e,i,b
m,s,f,o,e,r,e
h,t,n,i,r,e,t
e,u,s,a,o,u,r
n,e,t,d,s,g,n
a,f,i,f,c,o,r
e,e,s,r,s,p,d
a,u,e,h,e,d,t
t,m,o,o,r,e,p
o,t,n,p,t,r,e
h,o,e,c,e,r,i
d,s,r,p,n,g,i
v,o,u,g,d,i,n
w,s,i,h,t,h,t
n,i,t,i,e,e,l
l,e,c,n,e,g,e
w,e,e,d,n,e,o
t,d,a,p,p,r,e
e,r,f,h,o,r,t
o,f,r,o,t,e,c
h,i,g,n,w,m,r
a,t,e,w,b,e,r
n,e,a,i,u,s,s
n,a,d,o,t,h,e
o,t,m,m,a,t,e
n,i,e,r,b,p,t
u,f,r,a,o,f,e
r,g,s,r,a,t,e
g,i,n,c,i,f,i
c,n,e,y,t,a,e
h,e,e,r,a,w,l
b,o,n,e,e,t,r
u,s,i,x,e,m,a
u,m,m,f,c,o,n
i,s,o,o,n,u,m
a,g,u,o,r,n,n
e,i,s,e,e,m,t
y,b,s,o,h,e,m
m,t,a,l,r,v,e
u,o,s,a,s,l,r
t,a,e,g,m,t,h
w,h,w,i,i,c,l
l,i,r,e,r,e,f
o,t,a,e,s,t,h
a,l,y,r,f,p,i
a,a,b,m,i,g,t
t,o,f,f,h,e,i
c,i,e,w,a,l,s
e,r,a,t,b,l,e
e,p,r,d,s,o,a
u,t,e,h,i,e,l
r,d,r,e,e,a,h
t,s,w,t,a,t,i
u,o,l,b,d,b,e
t,t,e,t,r,e,o
n,o,a,t,k,t,o
e,i,i,c,f,f,m
l,a,e,t,i,n,u
o,s,f,m,t,h,e
t,e,i,h,n,e,w
g,l,w,e,e,i,e
r,i,e,v,c,e,f
a,d,n,a,u,l,l
a,d,c,a,c,u,r
a,e,c,n,c,t,u
o,o,a,f,l,t,t
l,d,s,i,h,e,s
u,c,s,n,s,i,o
h,t,e,s,r,u,s
n,a,a,u,n,i,a
d,t,o,r,h,s,n
u,r,a,i,g,a,f
o,n,a,i,f,i,c
s,l,w,l,e,r,e
t,f,o,w,n,e,y
l,t,i,h,n,i,o
f,a,p,l,r,m,s
r,e,n,l,o,n,a
t,o,e,t,s,o,f
d,e,i,s,s,h,u
c,i,n,o,s,s,n
a,o,g,a,d,n,e
e,r,o,c,d,r,e
d,r,o,e,f,t,h
e,e,t,o,i,m,g
n,i,s,t,a,r,r
g,d,u,o,e,e,o
c,t,e,w,m,e,s
u,f,l,n,l,y,i
n,e,d,x,t,t,e
o,l,i,o,t,p,h
t,u,c,n,i,s,t
r,e,y,t,a,i,n
t,a,t,o,h,e,f
h,t,c,n,o,r,i
m,c,n,o,f,g,r
e,c,i,e,e,n,o
c,n,n,a,n,s,t
i,t,n,l,o,p,e
